f_shift,in,lp,bp,hp
4,230,0,0,0
4,459,162,213,55
4,687,569,326,-130
4,913,935,203,-260
4,1136,1094,27,-182
4,1354,1134,47,0
4,1569,1331,215,10
4,1778,1700,272,-148
4,1981,1998,136,-228
4,2178,2098,24,-118
4,2368,2166,79,8
4,2549,2378,206,-22
4,2722,2687,208,-151
4,2887,2893,81,-176
4,3041,2952,14,-65
4,3186,3017,84,19
4,3320,3213,176,-38
4,3442,3444,141,-132
4,3554,3559,31,-118
4,3654,3572,0,-18
4,3741,3622,76,28
4,3816,3763,132,-30
4,3879,3912,80,-101
4,3929,3948,-13,-68
4,3965,3907,-20,24
4,3989,3920,48,42
4,3999,4000,76,-15
4,3996,4056,20,-58
4,3980,4018,-53,-18
4,3950,3926,-49,58
4,3908,3887,6,63
4,3852,3899,20,8
4,3784,3871,-39,-16
4,3703,3764,-93,26
4,3610,3621,-82,88
4,3505,3523,-29,89
4,3388,3470,-24,37
4,3260,3372,-82,22
4,3121,3199,-125,69
4,2972,3018,-110,110
4,2813,2868,-69,109
4,2645,2749,-68,69
4,2468,2594,-114,59
4,2282,2379,-146,99
4,2089,2160,-128,130
4,1890,1982,-106,114
4,1684,1802,-113,96
4,1472,1595,-139,98
4,1255,1360,-149,122
4,1035,1130,-134,134
4,811,921,-121,122
4,584,722,-138,98
4,355,477,-163,118
4,125,221,-155,144
4,16279,-7,-126,140
4,16049,12169,15112,3166
4,15820,29088,7300,-13495
4,15593,26473,-9928,-10032
4,15369,9042,-12547,7336
4,15148,2188,2817,13005
4,14931,14578,12737,-226
4,14719,26629,3440,-11913
4,14512,20803,-10235,-5444
4,14312,7079,-8852,7987
4,14118,4334,4563,9693
4,13932,15942,10211,-2462
4,13754,23870,625,-9977
4,13585,16791,-9255,-2458
4,13425,5784,-5243,8129
4,13275,6325,5400,6763
4,13135,16568,7781,-3779
4,13006,21169,-1293,-7953
4,12889,13788,-7910,-287
4,12782,5767,-2770,7296
4,12688,8487,5847,3930
4,12606,16733,5611,-4395
4,12537,18799,-2469,-6038
4,12480,11770,-6429,1169
4,12436,6338,-911,6199
4,12406,10088,5447,2008
4,12388,16871,3487,-4682
4,12384,16909,-3045,-4330
4,12393,10658,-4952,2036
4,12415,7370,403,4998
4,12451,11542,4788,574
4,12499,16651,2016,-4326
4,12561,15368,-3370,-2658
4,12635,10328,-3589,2458
4,12721,8735,1266,3821
4,12820,12907,4015,-436
4,12930,16549,899,-3785
4,13052,14635,-3147,-1508
4,13185,10511,-2243,2682
4,13329,10321,1765,2754
4,13482,14217,3225,-1089
4,13646,16636,104,-3160
4,13818,14459,-2756,-640
4,13999,11406,-1272,2492
4,14188,12173,2099,1695
4,14384,15479,2477,-1445
4,14586,16934,-413,-2524
4,14795,14764,-2285,-35
4,15009,12659,-532,2170
4,15228,13930,2053,951
4,15450,16800,1708,-1678
4,15675,17402,-720,-1907
4,15903,15415,-1784,372
4,16133,14120,15,1783
4,16363,15642,1874,374
4,209,17909,1128,-1616
4,438,5567,-16187,-4346
4,667,-12769,-9590,13807
4,893,-11512,10148,11545
4,1115,7249,14013,-7231
4,1335,15581,-2281,-14323
4,1550,2691,-13807,-493
4,1759,-10976,-4437,12804
4,1963,-6146,10306,7261
4,2160,9518,10057,-8183
4,2351,13261,-4384,-10827
4,2533,942,-11217,2111
4,2707,-8259,-1261,10871
4,2872,-1156,9887,3246
4,3027,10648,6673,-8193
4,3173,11057,-5456,-7689
4,3308,33,-8665,3682
4,3432,-5531,924,8782
4,3544,2084,8560,813
4,3645,11105,3449,-7776
4,3734,9031,-5780,-5024
4,3810,-340,-6339,4471
4,3874,-3090,2310,6756
4,3925,4298,7039,-863
4,3962,10524,1370,-6684
4,3987,6823,-5770,-2500
4,3999,-424,-4340,4683
4,3997,-1116,3049,4925
4,3982,5561,5498,-1907
4,3953,9449,-127,-5459
4,3912,5164,-5142,-889
4,3858,-560,-2421,4624
4,3791,304,3308,3348
4,3711,5992,4051,-2454
4,3619,8011,-1134,-4229
4,3515,3629,-4362,263
4,3399,-510,-1173,4099
4,3272,1347,3344,1843
4,3134,5725,2770,-2626
4,2986,6320,-1732,-3077
4,2828,2184,-3524,1023
4,2660,-604,-263,3449
4,2484,1608,2972,867
4,2300,5012,1541,-2624
4,2107,4508,-2016,-2082
4,1908,813,-2726,1465
4,1703,-898,350,2785
4,1491,1378,2504,169
4,1275,3770,714,-2323
4,1055,2532,-2147,-1122
4,831,-466,-2004,1647
4,605,-1355,715,2142
4,376,776,1996,-295
4,146,2308,116,-1939
4,16300,769,-1982,-499
4,16070,10656,13957,4772
4,15841,27135,9173,-11638
4,15614,27083,-8263,-10725
4,15389,10751,-12686,5656
4,15168,2493,1209,12821
4,14950,13177,12081,1236
4,14738,25694,4600,-11031
4,14531,22230,-8630,-6952
4,14330,8404,-9269,6707
4,14135,4285,3243,9843
4,13949,14721,9953,-1208
4,13770,23346,1712,-9504
4,13600,17684,-8491,-3383
4,13439,7087,-6305,6908
4,13288,6033,4366,7134
4,13148,15546,7809,-2746
4,13018,20954,-323,-7785
4,12899,14647,-7460,-1162
4,12792,6404,-3449,6711
4,12696,7704,4798,4789
4,12613,15909,5815,-3576
4,12543,18794,-1646,-6078
4,12485,12534,-6216,398
4,12440,6726,-1564,5857
4,12408,9582,4932,2550
4,12389,16034,4076,-3880
4,12384,17042,-2393,-4503
4,12392,11292,-4916,1400
4,12413,7557,-180,4847
4,12447,11046,4471,1088
4,12494,16233,2394,-3935
4,12554,15795,-2697,-3132
4,12627,10836,-3677,1948
4,12713,8771,764,3809
4,12810,12444,3851,29
4,12920,16273,1279,-3542
4,13041,14911,-2806,-1815
4,13172,11038,-2565,2164
4,13315,10262,1356,2826
4,13468,13811,3166,-693
4,13630,16472,454,-3032
4,13802,14731,-2534,-942
4,13982,11668,-1485,2227
4,14170,11919,1664,1959
4,14366,15149,2498,-1135
4,14568,16859,-117,-2485
4,14776,15007,-2161,-303
4,14989,12819,-745,2004
4,15208,13755,1833,1120
4,15430,16426,1881,-1335
4,15655,17404,-467,-1944
4,15882,15637,-1742,127
4,16112,14196,-201,1699
4,16342,15443,1733,561
4,188,17716,1256,-1452
4,418,6622,-15653,-5455
4,646,-12578,-9597,13596
4,872,-11489,9951,11514
4,1095,7055,13929,-7053
4,1315,15443,-2138,-14214
4,1530,2773,-13661,-604
4,1740,-10552,-5269,12412
4,1945,-6159,10142,7266
4,2143,9343,10013,-8023
4,2334,13163,-4251,-10754
4,2517,1029,-11109,2000
4,2692,-8149,-1335,10750
4,2857,-1814,9509,3912
4,3014,10512,6665,-8071
4,3160,11006,-5345,-7657
4,3296,115,-8603,3583
4,3421,-5463,856,8706
4,3535,2026,8470,866
4,3636,10781,3941,-7492
4,3726,9018,-5683,-5026
4,3804,-258,-6311,4379
4,3869,-3048,2234,6713
4,3921,4238,6978,-805
4,3960,10447,1407,-6613
4,3985,7192,-5510,-2887
4,3998,-348,-4332,4604
4,3998,-1090,2983,4902
4,3984,5506,5460,-1849
4,3957,9401,-83,-5411
4,3916,5199,-5083,-924
4,3863,-339,-2711,4425
4,3797,312,3245,3349
4,3719,5940,4032,-2395
4,3628,7985,-1082,-4198
4,3525,3677,-4318,221
4,3410,-451,-1198,4051
4,3284,1138,3165,2075
4,3147,5678,2764,-2566
4,3000,6312,-1683,-3059
4,2843,2237,-3494,982
4,2676,-554,-293,3416
4,2500,1603,2928,890
4,2317,4884,1706,-2490
4,2125,4512,-1971,-2071
4,1927,871,-2702,1423
4,1722,-845,321,2752
4,1511,1381,2464,187
4,1295,3751,723,-2285
4,1075,2685,-2030,-1263
4,852,-421,-1995,1621
4,625,-1321,696,2130
4,397,782,1978,-280
4,167,2310,122,-1920
4,16321,793,-1964,-503
4,16091,9823,13606,5648
4,15862,27150,9153,-11631
4,15634,27085,-8262,-10706
4,15409,10766,-12668,5660
4,15188,2528,1222,12805
4,14970,13213,12070,1221
4,14757,25425,5255,-10783
4,14549,22217,-8638,-6920
4,14348,8408,-9241,6719
4,14153,4324,3264,9820
4,13965,14760,9934,-1227
4,13786,23348,1687,-9488
4,13615,18203,-8236,-3902
4,13454,7096,-6279,6912
4,13302,6070,4379,7111
4,13160,15579,7795,-2764
4,13029,20961,-346,-7779
4,12909,14634,-7463,-1138
4,12801,6620,-3838,6529
4,12704,7724,4806,4777
4,12620,15925,5805,-3583
4,12548,18791,-1657,-6067
4,12489,12527,-6214,410
4,12443,6729,-1555,5858
4,12410,9286,4753,2860
4,12390,16037,4066,-3881
4,12384,17035,-2399,-4495
4,12390,11285,-4912,1406
4,12410,7558,-174,4843
4,12443,11051,4467,1080
4,12489,16080,2624,-3801
4,12548,15785,-2702,-3127
4,12620,10826,-3674,1952
4,12704,8765,770,3807
4,12801,12441,3849,23
4,12909,16264,1272,-3542
4,13029,15070,-2686,-1993
4,13160,11027,-2555,2162
4,13302,10260,1357,2816
4,13454,13804,3158,-699
4,13615,16452,444,-3025
4,13786,14706,-2533,-932
4,13965,11745,-1609,2142
4,14153,11919,1669,1942
4,14348,15141,2485,-1143
4,14549,16830,-131,-2473
4,14757,14971,-2155,-287
4,14970,12800,-729,2003
4,15188,13637,1763,1223
4,15409,16430,1875,-1359
4,15634,17382,-492,-1942
4,15862,15590,-1745,154
4,16091,14166,-174,1707
4,16321,15447,1745,535
4,167,17635,1325,-1396
4,397,5651,-15919,-4489
4,625,-13078,-8776,14024
4,852,-10866,10596,10829
4,1075,7793,13488,-7784
4,1295,15196,-2951,-13936
4,1511,2800,-13606,-654
4,1722,-10790,-4525,12584
4,1927,-5537,10530,6601
4,2125,9844,9513,-8511
4,2317,12810,-4854,-10381
4,2500,373,-10943,2628
4,2676,-8126,-1367,10712
4,2843,-1244,9710,3314
4,3000,10826,6172,-8368
4,3147,10616,-5772,-7255
4,3284,-389,-8357,4059
4,3410,-5368,1373,8567
4,3525,1993,8440,890
4,3628,10956,3485,-7648
4,3719,8634,-5964,-4633
4,3797,-618,-6027,4714
4,3863,-2876,2631,6509
4,3916,4640,6910,-1208
4,3957,10419,1424,-6592
4,3984,6843,-5664,-2532
4,3998,-579,-4043,4816
4,3998,-878,3265,4672
4,3985,5821,5330,-2156
4,3960,9358,-404,-5347
4,3921,5211,-5061,-934
4,3869,-464,-2438,4538
4,3804,538,3433,3117
0,3726,3218,-3735,820
0,3636,4698,2037,-1099
0,3535,2821,-935,874
0,3421,3615,489,-110
0,3296,3248,-239,188
0,3160,3364,128,-76
0,3014,3060,-28,102
0,2857,3004,28,9
0,2692,2798,17,58
0,2517,2636,-45,59
0,2334,2483,51,31
0,2143,2269,4,65
0,1945,2097,26,45
0,1740,1885,19,59
0,1530,1684,21,55
0,1315,1448,-64,86
0,1095,1281,66,30
0,872,1014,5,81
0,646,820,29,51
0,418,579,23,66
0,188,355,22,62
0,16342,98,-71,95
0,16112,22302,-3598,-5735
0,15882,14603,3459,1293
0,15655,15625,-2278,400
0,15430,16145,1305,-571
0,15208,14894,-593,574
0,14989,15179,257,13
0,14776,14866,-105,130
0,14568,14765,80,6
0,14366,14479,-3,90
0,14170,14325,26,40
0,13982,14110,20,59
0,13802,13914,-55,72
0,13630,13773,57,26
0,13468,13566,-1,65
0,13315,13433,22,34
0,13172,13269,14,46
0,13041,13134,14,38
0,12920,12992,-40,52
0,12810,12903,40,15
0,12713,12768,-3,43
0,12627,12695,15,18
0,12554,12599,6,28
0,12494,12537,6,17
0,12447,12472,-18,24
0,12413,12442,15,5
0,12392,12398,-2,16
0,12384,12393,1,-1
0,12389,12383,1,1
0,12408,12389,-1,1
0,12440,12419,10,-11
0,12485,12446,-12,-5
0,12543,12502,-3,-16
0,12613,12559,-8,-15
0,12696,12636,-7,-22
0,12792,12720,-9,-23
0,12899,12831,30,-40
0,13018,12918,-31,-17
0,13148,13061,-4,-42
0,13288,13181,-18,-31
0,13439,13332,-13,-43
0,13600,13483,-16,-43
0,13770,13665,50,-68
0,13949,13799,-52,-25
0,14135,14016,-4,-66
0,14330,14180,-25,-43
0,14531,14390,-19,-58
0,14738,14587,-21,-54
0,14950,14821,64,-87
0,15168,14985,-65,-30
0,15389,15250,-4,-81
0,15614,15441,-30,-50
0,15841,15683,-21,-67
0,16070,15903,-24,-60
0,16300,16160,71,-94
0,146,16337,-74,-32
0,376,-5764,3669,5681
0,605,1853,-3488,-1259
0,831,882,2290,-420
0,1055,331,-1307,582
0,1275,1005,575,15
0,1491,1253,-393,47
0,1703,1662,173,-181
0,1908,1684,-108,26
0,2107,2013,12,-105
0,2300,2138,-29,-29
0,2484,2386,70,-90
0,2660,2506,-61,-18
0,2828,2730,0,-70
0,2986,2865,-21,-35
0,3134,3036,-15,-49
0,3272,3174,-13,-39
0,3399,3326,42,-56
0,3515,3417,-42,-15
0,3619,3561,2,-46
0,3711,3641,-15,-21
0,3791,3741,-6,-29
0,3858,3812,-7,-20
0,3912,3883,20,-26
0,3953,3920,-16,-7
0,3982,3969,1,-16
0,3997,3989,-1,-6
0,3999,3999,-1,-1
0,3987,3999,0,0
0,3962,3982,-5,6
0,3925,3955,6,7
0,3874,3913,1,12
0,3810,3859,7,15
0,3734,3790,6,20
0,3645,3712,8,22
0,3544,3609,-27,38
0,3432,3527,31,16
0,3308,3392,4,40
0,3173,3277,17,30
0,3027,3132,14,41
0,2872,2987,16,39
0,2707,2810,-48,65
0,2533,2680,49,24
0,2351,2469,5,64
0,2160,2307,22,43
0,1963,2102,20,57
0,1759,1909,20,53
0,1550,1679,-63,84
0,1335,1517,65,29
0,1115,1255,4,80
0,893,1064,30,50
0,667,824,21,68
0,438,607,23,59
0,209,348,-72,95
0,16363,173,74,32
0,16133,22275,-3669,-5682
0,15903,14658,3490,1257
0,15675,15626,-2291,421
0,15450,16176,1309,-582
0,15228,15501,-576,-15
0,15009,15250,393,-46
0,14795,14839,-172,181
0,14586,14815,109,-26
0,14384,14480,-11,107
0,14188,14352,28,31
0,13999,14103,-70,90
0,13818,13976,63,20
0,13646,13747,-1,72
0,13482,13609,22,36
0,13329,13431,15,51
0,13185,13289,14,40
0,13052,13129,-43,59
0,12930,13034,43,16
0,12820,12884,-1,47
0,12721,12796,15,24
0,12635,12691,8,30
0,12561,12612,7,23
0,12499,12534,-22,29
0,12451,12491,19,7
0,12415,12434,-2,18
0,12393,12407,3,8
0,12384,12387,1,6
0,12388,12384,0,0
0,12406,12388,0,0
0,12436,12416,-1,-9
0,12480,12446,-1,-9
0,12537,12494,-6,-13
0,12606,12555,-5,-17
0,12688,12626,-9,-19
0,12782,12721,26,-34
0,12889,12799,-31,-15
0,13006,12930,-2,-40
0,13135,13035,-16,-28
0,13275,13176,-13,-40
0,13425,13315,-15,-39
0,13585,13485,46,-62
0,13754,13613,-47,-25
0,13932,13816,-4,-61
0,14118,13977,-22,-43
0,14312,14174,-19,-54
0,14512,14366,-21,-52
0,14719,14591,62,-82
0,14931,14753,-64,-30
0,15148,15011,-3,-79
0,15369,15199,-30,-49
0,15593,15438,-21,-67
0,15820,15653,-24,-58
0,16049,15910,71,-94
0,16279,16086,-73,-32
0,125,16366,-1,-86
0,355,-5820,3638,5718
0,584,1854,-3479,-1281
0,811,852,2290,-411
0,1035,1625,-529,-780
0,1255,931,437,77
0,1472,1283,-325,-7
0,1684,1611,144,-148
0,1890,1680,-99,11
0,2089,1987,9,-97
0,2282,2153,37,-66
0,2468,2323,-49,-37
0,2645,2532,-5,-63
0,2813,2689,-21,-42
0,2972,2863,-16,-49
0,3121,3017,-15,-44
0,3260,3178,44,-59
0,3388,3282,-45,-19
0,3505,3436,2,-48
0,3610,3530,-17,-23
0,3703,3644,-8,-33
0,3784,3726,-8,-22
0,3852,3815,24,-32
0,3908,3861,-22,-7
0,3950,3931,2,-23
0,3980,3959,-3,-8
0,3996,3990,-1,-9
0,3999,3996,-1,1
0,3989,3999,0,0
0,3965,3987,1,2
0,3929,3956,2,9
0,3879,3919,3,10
0,3816,3864,6,15
0,3741,3797,7,19
0,3654,3711,-24,32
0,3554,3639,28,14
0,3442,3517,3,37
0,3320,3414,15,28
0,3186,3282,11,38
0,3041,3149,15,37
0,2887,2983,-46,61
0,2722,2861,47,24
0,2549,2662,5,60
0,2368,2507,22,41
0,2178,2313,19,54
0,1981,2126,20,51
0,1778,1903,-61,82
0,1569,1746,62,29
0,1354,1492,4,77
0,1136,1304,29,49
0,913,1068,20,67
0,687,854,23,58
0,459,597,-72,95
0,230,424,74,31
0,0,144,0,86
0,16153,-52,34,50
0,15924,22078,-3649,-5696
0,15696,14439,3480,1268
0,15470,17713,-287,-1999
0,15248,14710,668,719
0,15029,15304,-506,-24
0,14814,15036,353,-29
0,14605,14661,-153,163
0,14402,14616,100,-17
0,14205,14312,-105,97
0,14016,14188,85,12
0,13834,13936,-9,81
0,13661,13799,28,34
0,13497,13605,15,56
0,13342,13454,15,43
0,13198,13282,-47,63
0,13064,13178,45,18
0,12941,13013,-1,52
0,12829,12916,17,24
0,12730,12794,10,35
0,12642,12705,8,25
0,12567,12609,-26,35
0,12504,12558,25,8
0,12455,12478,-2,27
0,12418,12446,4,9
0,12394,12408,3,10
0,12384,12388,1,6
0,12387,12384,0,0
0,12404,12387,0,0
0,12433,12413,-1,-8
0,12476,12443,-1,-9
0,12531,12490,-5,-13
0,12599,12547,-6,-15
0,12680,12628,22,-30
0,12773,12695,-25,-13
0,12879,12808,-3,-34
0,12995,12907,-15,-27
0,13123,13030,-11,-34
0,13262,13161,-14,-37
0,13411,13318,42,-58
0,13570,13436,-46,-22
0,13739,13629,-4,-58
0,13916,13780,-22,-39
0,14101,13971,-18,-53
0,14294,14153,-19,-50
0,14494,14371,59,-80
0,14700,14527,-62,-29
0,14911,14776,-4,-75
0,15128,14962,-28,-49
0,15348,15196,-21,-66
0,15573,15408,-23,-58
0,15799,15663,70,-94
0,16028,15835,-72,-31
0,16258,16115,-2,-86
0,104,16311,-32,-51
0,334,-5821,3649,5697
0,563,1820,-3480,-1268
0,790,-1452,288,1997
0,1015,1550,-669,-718
0,1236,960,505,24
0,1453,1231,-353,28
0,1665,1608,154,-164
0,1871,1654,-102,18
0,2072,1963,107,-98
0,2265,2090,-87,-12
0,2451,2348,10,-83
0,2629,2486,-30,-33
0,2798,2689,-14,-59
0,2958,2841,-17,-41
0,3108,3023,50,-68
0,3248,3130,-46,-19
0,3377,3302,0,-54
0,3495,3406,-16,-28
0,3601,3531,-11,-35
0,3695,3630,-9,-28
0,3777,3731,28,-37
0,3846,3789,-28,-10
0,3903,3875,3,-29
0,3947,3914,-7,-10
0,3978,3961,-3,-13
0,3995,3988,-1,-9
0,3999,3997,1,-2
0,3990,3999,0,0
0,3968,3989,1,1
0,3933,3959,2,9
0,3884,3922,2,11
0,3823,3870,6,14
0,3749,3798,-20,27
0,3662,3735,21,13
0,3564,3632,4,30
0,3453,3538,13,26
0,3331,3419,11,34
0,3198,3298,14,33
0,3055,3145,-41,56
0,2901,3032,45,21
0,2738,2845,4,56
0,2565,2700,22,37
0,2384,2512,18,52
0,2196,2334,19,49
0,1999,2122,-57,78
0,1797,1966,61,30
0,1588,1724,3,73
0,1374,1539,29,48
0,1156,1308,20,65
0,933,1096,22,59
0,708,845,-69,93
0,480,673,71,31
0,251,395,3,85
0,20,199,31,51
0,16174,-51,22,70
0,15945,22110,-3646,-5708
0,15717,10973,-1590,5072
0,15491,17787,-148,-2060
0,15268,14681,597,773
0,15049,15358,-476,-60
0,14834,15037,344,-9
0,14624,14687,-153,157
0,14420,14532,11,92
0,14223,14377,18,42
0,14033,14164,23,58
4,13850,13981,16,44
4,13676,13896,-94,1
4,13511,13679,-163,79
4,13356,13455,-135,124
4,13210,13288,-78,107
4,13075,13171,-59,69
4,12951,13055,-72,56
4,12839,12926,-79,65
4,12738,12804,-68,69
4,12649,12708,-55,58
4,12573,12621,-46,51
4,12509,12545,-36,46
4,12459,12485,-28,38
4,12421,12437,-21,33
4,12396,12400,-12,27
4,12385,12380,-6,19
4,12386,12367,6,15
4,12402,12367,8,15
4,12430,12381,24,9
4,12471,12419,34,-6
4,12526,12461,39,-9
4,12593,12517,49,-15
4,12672,12587,56,-22
4,12764,12668,63,-27
4,12868,12763,70,-34
4,12984,12865,79,-36
4,13111,12984,87,-43
4,13249,13108,98,-46
4,13397,13254,105,-57
4,13555,13407,105,-62
4,13723,13563,110,-63
4,13899,13726,120,-63
4,14084,13906,130,-72
4,14276,14090,137,-74
4,14475,14291,139,-84
4,14681,14492,138,-86
4,14892,14694,142,-84
4,15108,14907,148,-89
4,15328,15125,151,-92
4,15552,15336,158,-87
4,15779,15572,162,-101
4,16007,15805,153,-102
4,16237,16026,152,-95
4,83,16254,156,-95
4,313,6026,-11563,-161
4,542,-5356,-5165,8252
4,770,-5182,3968,3740
4,994,1356,4451,-2811
4,1216,4198,-43,-3182
4,1433,2252,-2135,32
4,1646,236,-689,1542
4,1853,587,938,590
4,2054,2034,952,-657
4,2248,2694,61,-670
4,2435,2441,-316,-35
4,2613,2203,-19,242
4,2783,2441,291,27
4,2944,2832,270,-184
4,3095,3078,92,-180
4,3236,3142,16,-55
4,3366,3202,67,1
4,3484,3337,121,-31
4,3592,3502,110,-73
4,3687,3621,72,-65
4,3770,3700,51,-38
4,3841,3763,55,-20
4,3899,3840,56,-27
4,3943,3902,46,-26
4,3975,3949,30,-21
4,3994,3969,22,-5
4,3999,3990,16,-4
4,3992,3992,15,0
4,3971,3992,1,0
4,3936,3971,-15,8
4,3889,3929,-26,20
4,3829,3873,-32,32
4,3756,3810,-33,36
4,3671,3740,-41,37
4,3573,3658,-53,40
4,3464,3556,-65,50
4,3343,3439,-69,60
4,3211,3324,-77,58
4,3068,3185,-85,69
4,2915,3042,-90,71
4,2753,2885,-97,79
4,2581,2723,-101,81
4,2401,2549,-106,85
4,2213,2378,-117,82
4,2018,2179,-125,97
4,1815,1978,-123,102
4,1607,1777,-124,100
4,1394,1571,-128,100
4,1176,1355,-134,106
4,954,1145,-141,102
4,728,912,-144,114
4,501,681,-139,117
4,272,460,-138,110
4,41,232,-141,111
4,16195,-1,-144,114
4,15966,9501,11521,934
4,15737,21601,5187,-8228
4,15511,21440,-3942,-3732
4,15288,14910,-4434,2818
4,15068,12066,55,3195
4,14853,14008,2150,-15
4,14643,15984,804,-1533
4,14438,15674,-921,-570
4,14240,14235,-931,669
4,14050,13580,-43,682
4,13866,13838,333,46
4,13692,14078,35,-229
4,13526,13860,-273,-31
4,13369,13446,-254,207
4,13223,13209,-67,194
4,13087,13161,7,59
4,12962,13106,-53,8
4,12849,12966,-106,49
4,12747,12813,-94,83
4,12657,12693,-53,81
4,12580,12621,-28,50
4,12515,12561,-31,35
4,12463,12498,-35,35
4,12424,12439,-26,37
4,12398,12400,-15,32
4,12385,12379,-4,21
4,12386,12368,4,15
4,12400,12368,6,15
4,12427,12380,22,9
4,12467,12416,33,-5
4,12520,12456,39,-8
4,12586,12514,47,-17
4,12665,12577,55,-18
4,12756,12659,64,-26
4,12859,12755,72,-35
4,12973,12857,79,-37
4,13099,12969,88,-40
4,13236,13103,96,-52
4,13383,13242,98,-55
4,13541,13388,105,-57
4,13707,13547,115,-63
4,13883,13716,119,-68
4,14067,13886,128,-67
4,14258,14079,135,-79
4,14457,14276,134,-85
4,14662,14473,134,-83
4,14872,14673,142,-82
4,15088,14887,148,-89
4,15308,15096,157,-86
4,15532,15327,158,-98
4,15758,15556,153,-100
4,15986,15777,152,-95
4,16216,16004,155,-95
4,62,16235,158,-98
4,292,6731,-11505,-916
4,522,-5366,-5169,8243
4,749,-5202,3959,3745
4,974,1330,4449,-2805
4,1196,4174,-40,-3180
4,1413,2232,-2133,31
4,1626,261,-787,1546
4,1834,573,938,584
4,2036,2016,948,-656
4,2230,2673,61,-667
4,2418,2420,-316,-32
4,2597,2192,-33,243
4,2768,2410,286,44
4,2930,2823,270,-190
4,3082,3066,88,-180
4,3223,3125,13,-49
4,3354,3186,69,3
4,3474,3323,124,-31
4,3582,3487,114,-70
4,3679,3615,71,-68
4,3763,3692,49,-37
4,3835,3755,54,-19
4,3894,3833,58,-27
4,3940,3898,48,-28
4,3973,3940,36,-18
4,3993,3973,23,-11
4,4000,3990,12,-3
4,3993,3990,12,4
4,3973,3990,7,0
4,3940,3973,-11,6
4,3894,3934,-25,19
4,3835,3877,-30,32
4,3763,3816,-31,35
4,3679,3753,-42,31
4,3582,3666,-55,41
4,3474,3568,-67,48
4,3354,3453,-71,57
4,3223,3331,-77,62
4,3082,3195,-81,69
4,2930,3055,-85,70
4,2768,2902,-94,75
4,2597,2747,-106,74
4,2418,2572,-111,81
4,2230,2384,-116,92
4,2036,2193,-116,95
4,1834,1999,-117,96
4,1626,1800,-125,97
4,1413,1597,-136,97
4,1196,1383,-139,100
4,974,1155,-141,112
4,749,929,-138,114
4,522,708,-137,110
4,292,482,-139,110
4,62,261,-149,106
4,16216,27,-149,110
4,15986,10246,11573,184
4,15758,21918,4666,-8265
4,15532,21208,-4183,-3358
4,15308,14674,-4266,2991
4,15088,12095,45,3191
4,14872,14035,2144,-19
4,14662,16044,704,-1524
4,14457,15636,-955,-496
4,14258,14211,-893,693
4,14067,13611,-10,652
4,13883,13860,323,46
4,13707,14091,33,-224
4,13541,13855,-274,-11
4,13383,13450,-239,211
4,13236,13229,-61,185
4,13099,13177,-2,60
4,12973,13117,-56,10
4,12859,12984,-107,43
4,12756,12819,-95,88
4,12665,12700,-50,81
4,12586,12630,-27,49
4,12520,12569,-33,34
4,12467,12509,-40,31
4,12427,12446,-34,38
4,12400,12398,-14,36
4,12386,12378,0,22
4,12385,12378,0,8
4,12398,12378,0,7
4,12424,12378,10,15
4,12463,12401,32,7
4,12515,12450,44,-9
4,12580,12511,47,-19
4,12657,12574,52,-20
4,12747,12652,61,-25
4,12849,12741,71,-29
4,12962,12843,81,-34
4,13087,12963,88,-45
4,13223,13091,92,-50
4,13369,13228,97,-53
4,13526,13370,107,-54
4,13692,13524,121,-58
4,13866,13697,124,-67
4,14050,13878,127,-75
4,14240,14064,129,-78
4,14438,14255,130,-80
4,14643,14450,138,-81
4,14853,14648,149,-79
4,15068,14862,153,-85
4,15288,15088,154,-97
4,15511,15309,150,-96
4,15737,15528,152,-93
4,15966,15755,155,-95
4,16195,15977,162,-92
4,41,16208,162,-94
4,272,5988,-11560,-167
4,501,-5682,-4650,8279
4,728,-4971,4199,3373
4,954,1568,4280,-2980
4,1176,4145,-33,-3174
4,1394,2203,-2127,37
4,1607,201,-683,1535
4,1815,612,970,510
4,2018,2037,909,-676
4,2213,2641,29,-637
4,2401,2397,-304,-32
4,2581,2170,-13,238
4,2753,2413,293,22
4,2915,2822,257,-197
4,3068,3048,80,-173
4,3211,3105,19,-46
4,3343,3168,76,5
4,3464,3316,129,-37
4,3573,3488,110,-79
4,3671,3607,65,-66
4,3756,3682,47,-34
4,3829,3745,57,-17
4,3889,3823,64,-26
4,3936,3897,48,-32
4,3971,3943,28,-21
4,3992,3964,22,-4
4,3999,3985,20,-3
4,3994,3994,11,0
4,3975,3994,1,0
4,3943,3974,-13,8
4,3899,3933,-23,22
4,3841,3884,-26,28
4,3770,3824,-33,34
4,3687,3754,-41,37
4,3592,3676,-53,38
4,3484,3577,-63,47
4,3366,3461,-70,58
4,3236,3340,-73,63
4,3095,3210,-78,65
4,2944,3070,-87,69
4,2783,2922,-99,72
4,2613,2761,-106,75
4,2435,2583,-112,86
4,2248,2400,-113,92
4,2054,2212,-114,93
4,1853,2019,-120,95
4,1646,1827,-132,92
4,1433,1616,-136,98
4,1216,1394,-139,109
4,994,1173,-135,111
4,770,954,-135,108
4,542,732,-140,108
4,313,510,-149,107
4,83,279,-149,109
4,16237,39,-148,118
4,16007,10263,11580,184
4,15779,21942,4671,-8270
4,15552,21232,-4183,-3361
4,15328,14962,-4443,2812
4,15108,12115,44,3191
4,14892,14044,2143,-7
4,14681,16059,710,-1522
4,14475,15658,-953,-500
4,14276,14233,-895,690
4,14084,13629,-54,674
4,13899,13877,324,45
4,13723,14102,31,-218
4,13555,13871,-271,-12
4,13397,13469,-239,206
4,13249,13245,-64,184
4,13111,13191,-7,62
4,12984,13129,-58,11
4,12868,12982,-107,56
4,12764,12824,-87,88
4,12672,12714,-48,74
4,12593,12640,-32,48
4,12526,12580,-39,33
4,12471,12510,-41,37
4,12430,12447,-33,41
4,12402,12401,-13,36
4,12386,12381,0,21
4,12385,12381,0,5
4,12396,12381,0,4
4,12421,12381,0,15
4,12459,12395,27,13
4,12509,12444,46,-8
4,12573,12506,47,-20
4,12649,12569,50,-21
4,12738,12641,59,-21
4,12839,12727,72,-25
4,12951,12837,83,-39
4,13075,12955,84,-46
4,13210,13077,90,-47
4,13356,13214,99,-53
4,13511,13356,110,-55
4,13676,13518,117,-65
4,13850,13689,117,-71
4,14033,13862,119,-71
4,14223,14041,127,-71
4,14420,14234,135,-78
4,14624,14425,145,-77
4,14834,14641,149,-91
4,15049,14856,143,-93
4,15268,15068,145,-91
4,15491,15285,150,-92
4,15717,15507,155,-93
4,15945,15729,162,-93
4,16174,15967,162,-103
4,20,16200,153,-102
4,251,5965,-11568,-161
4,480,-5712,-4652,8289
4,708,-4995,4204,3373
4,933,1279,4460,-2801
4,1156,4138,-30,-3190
4,1374,2202,-2136,22
4,1588,178,-697,1545
4,1797,582,974,519
4,1999,2021,916,-682
4,2196,2630,70,-666
4,2384,2389,-308,-39
4,2565,2159,-21,236
4,2738,2393,289,28
4,2901,2802,260,-194
4,3055,3035,83,-175
4,3198,3091,22,-47
4,3331,3160,78,-1
4,3453,3312,124,-43
4,3564,3473,106,-73
4,3662,3590,72,-62
4,3749,3671,56,-37
4,3823,3745,59,-25
4,3884,3824,57,-29
4,3933,3887,48,-27
4,3968,3939,32,-22
4,3990,3967,18,-8
4,3999,3984,13,0
4,3995,3984,13,9
4,3978,3984,13,5
4,3947,3976,-4,4
4,3903,3940,-21,18
4,3846,3889,-28,28
4,3777,3828,-33,35
4,3695,3768,-43,31
4,3601,3680,-55,43
4,3495,3579,-60,52
4,3377,3475,-66,53
4,3248,3355,-74,59
4,3108,3223,-80,65
4,2958,3088,-91,66
4,2798,2928,-98,79
4,2629,2766,-99,82
4,2451,2598,-103,83
4,2265,2421,-111,86
4,2072,2231,-118,93
4,1871,2042,-124,92
4,1665,1835,-129,101
4,1453,1625,-128,104
4,1236,1413,-130,105
4,1015,1197,-134,106
4,790,977,-140,108
4,563,755,-147,109
4,334,518,-145,118
4,104,286,-138,117
4,16258,63,-138,110
4,16028,10295,11578,174
4,15799,21968,4665,-8272
4,15573,21511,-3954,-3735
4,15348,14967,-4440,2826
4,15128,12119,55,3202
4,14911,14066,2153,-14
4,14700,16087,707,-1529
4,14494,15678,-958,-499
4,14294,14301,-934,660
4,14101,13638,-51,682
4,13916,13883,329,54
4,13739,14122,37,-224
4,13570,13891,-274,-15
4,13411,13484,-243,208
4,13262,13263,-78,187
4,13123,13195,-5,70
4,12995,13131,-53,19
4,12879,12996,-101,50
4,12773,12838,-90,86
4,12680,12723,-53,77
4,12599,12649,-36,49
4,12531,12581,-39,38
4,12476,12509,-38,41
4,12433,12450,-26,39
4,12404,12409,-16,32
4,12387,12388,-8,20
4,12384,12368,-1,20
4,12394,12368,2,15
4,12418,12376,18,9
4,12455,12397,31,6
4,12504,12439,43,-5
4,12567,12500,48,-20
4,12642,12560,52,-19
4,12730,12637,59,-24
4,12829,12726,69,-30
4,12941,12827,77,-36
4,13064,12942,83,-42
4,13198,13064,91,-45
4,13342,13196,102,-49
4,13497,13349,108,-61
4,13661,13506,109,-63
4,13834,13668,117,-65
4,14016,13844,123,-71
4,14205,14026,128,-74
4,14402,14210,138,-74
4,14605,14414,143,-83
4,14814,14622,143,-88
4,15029,14832,143,-89
4,15248,15045,147,-89
4,15470,15264,153,-92
4,15696,15481,160,-91
4,15924,15717,162,-102
4,16153,15950,153,-102
4,0,16171,153,-94
4,230,5941,-11561,-160
4,459,-5729,-4648,8283
4,687,-5274,3967,3750
4,913,1268,4457,-2809
4,1136,4117,-37,-3185
4,1354,2176,-2134,27
4,1569,159,-693,1542
4,1778,567,975,515
4,1981,1948,952,-646
4,2178,2616,69,-669
4,2368,2373,-311,-39
4,2549,2143,-20,235
4,2722,2376,289,29
4,2887,2786,260,-194
4,3041,3015,97,-176
4,3186,3087,24,-58
4,3320,3155,71,-4
4,3442,3299,121,-39
4,3554,3460,109,-72
4,3654,3585,71,-66
4,3741,3661,56,-35
4,3816,3740,58,-28
4,3879,3817,55,-28
4,3929,3880,48,-25
4,3965,3934,34,-22
4,3989,3965,21,-10
4,3999,3985,16,-4
4,3996,3992,15,0
4,3980,3992,9,0
4,3950,3980,-8,4
4,3908,3942,-22,19
4,3852,3893,-26,28
4,3784,3836,-33,33
4,3703,3769,-40,35
4,3610,3687,-49,41
4,3505,3591,-58,48
4,3388,3484,-66,54
4,3260,3364,-72,60
4,3121,3240,-82,61
4,2972,3098,-92,69
4,2813,2941,-94,78
4,2645,2782,-96,79
4,2468,2616,-105,82
4,2282,2438,-111,86
4,2089,2256,-123,88
4,1890,2054,-127,99
4,1684,1849,-125,104
4,1472,1647,-126,100
4,1255,1434,-131,104
4,1035,1216,-135,107
4,811,1005,-143,102
4,584,769,-147,116
4,355,536,-138,117
4,125,315,-138,109
4,16279,86,-142,110
4,16049,10313,11578,177
4,15820,21695,5180,-8236
4,15593,21521,-3953,-3724
4,15369,14984,-4434,2826
4,15148,12145,59,3195
4,14931,14091,2150,-18
4,14719,16106,704,-1527
4,14512,15757,-921,-577
4,14312,14311,-937,670
4,14118,13651,-47,685
4,13932,13903,330,50
4,13754,14136,36,-222
4,13585,13907,-274,-16
4,13425,13516,-256,197
4,13275,13270,-78,194
4,13135,13206,-1,70
4,13006,13147,-51,14
4,12889,13012,-105,47
4,12782,12851,-95,86
4,12688,12732,-58,79
4,12606,12653,-37,54
4,12537,12590,-39,36
4,12480,12515,-39,42
4,12436,12455,-28,39
4,12406,12413,-19,33
4,12388,12384,-6,25
4,12384,12370,6,15
4,12393,12370,6,11
4,12415,12382,16,3
4,12451,12403,23,1
4,12499,12440,33,-5
4,12561,12486,44,-9
4,12635,12548,57,-15
4,12721,12630,65,-27
4,12820,12723,67,-35
4,12930,12820,71,-35
4,13052,12923,84,-35
4,13185,13048,99,-45
4,13329,13190,103,-56
4,13482,13336,103,-58
4,13646,13489,108,-61
4,13818,13651,118,-64
4,13999,13827,124,-71
4,14188,14001,134,-69
4,14384,14200,141,-82
4,14586,14401,139,-86
4,14795,14602,140,-86
4,15009,14810,144,-87
4,15228,15026,149,-91
4,15450,15236,158,-87
4,15675,15471,160,-101
4,15903,15700,153,-101
4,16133,15921,153,-94
4,16363,16150,157,-95
4,209,16384,159,-100
4,438,6882,-11507,-919
4,667,-5220,-5172,8244
4,893,-5059,3957,3748
4,1115,1471,4450,-2803
4,1335,4316,-40,-3181
4,1550,2371,-2135,32
4,1759,398,-787,1546
4,1963,708,935,584
4,2160,2142,943,-650
4,2351,2795,57,-663
4,2533,2538,-315,-29
4,2707,2307,-19,236
4,2872,2518,283,48
4,3027,2928,267,-189
4,3173,3163,83,-177
4,3308,3213,10,-45
4,3432,3270,68,4
4,3544,3406,119,-33
4,3645,3558,109,-68
4,3734,3678,67,-66
4,3810,3749,41,-35
4,3874,3806,44,-18
4,3925,3868,50,-19
4,3962,3927,41,-22
4,3987,3964,29,-16
4,3999,3985,18,-7
4,3997,3993,13,0
4,3982,3993,9,0
4,3953,3981,-7,5
4,3912,3944,-20,19
4,3858,3904,-27,22
4,3791,3843,-35,33
4,3711,3773,-39,38
4,3619,3694,-46,40
4,3515,3600,-55,47
4,3399,3497,-66,51
4,3272,3382,-77,56
4,3134,3245,-82,68
4,2986,3105,-84,71
4,2828,2959,-90,72
4,2660,2800,-100,78
4,2484,2628,-105,85
4,2300,2457,-114,84
4,2107,2264,-119,96
4,1908,2067,-119,100
4,1703,1870,-119,98
4,1491,1670,-127,97
4,1275,1454,-134,104
4,1055,1244,-141,102
4,831,1013,-142,113
4,605,786,-138,114
4,376,565,-138,109
4,146,336,-142,111
4,16300,105,-143,113
4,16070,9609,11520,931
4,15841,21706,5184,-8228
4,15614,21542,-3942,-3730
4,15389,15012,-4434,2819
4,15168,12167,54,3195
4,14950,14108,2149,-14
4,14738,16080,802,-1531
4,14531,15768,-923,-568
4,14330,14327,-931,670
4,14135,13671,-44,681
4,13949,13926,328,45
4,13770,14152,31,-218
4,13600,13935,-270,-30
4,13439,13523,-255,205
4,13288,13281,-72,194
4,13148,13222,3,65
4,13018,13163,-53,12
4,12899,13023,-106,48
4,12792,12867,-101,83
4,12696,12737,-59,85
4,12613,12659,-34,54
4,12543,12596,-37,36
4,12485,12524,-39,39
4,12440,12462,-32,39
4,12408,12414,-18,35
4,12389,12385,-4,25
4,12384,12372,4,15
4,12392,12372,4,10
4,12413,12372,10,15
4,12447,12391,28,8
4,12494,12430,42,-4
4,12554,12490,46,-19
4,12627,12552,46,-21
4,12713,12615,57,-16
4,12810,12707,71,-29
4,12920,12809,77,-37
4,13041,12918,84,-40
4,13172,13040,92,-45
4,13315,13177,97,-53
4,13468,13318,104,-55
4,13630,13475,113,-63
4,13802,13638,116,-66
4,13982,13805,126,-66
4,14170,13995,132,-79
4,14366,14188,129,-82
4,14568,14380,132,-80
4,14776,14579,140,-81
4,14989,14792,146,-89
4,15208,14999,153,-86
4,15430,15227,155,-96
4,15655,15450,152,-96
4,15882,15673,154,-95
4,16112,15901,156,-97
4,16342,16132,157,-98
4,188,16354,164,-94
4,418,6135,-11558,-168
4,646,-5535,-4651,8279
4,872,-4825,4197,3373
4,1095,1707,4279,-2974
4,1315,4271,-230,-3061
4,1530,2347,-2128,32
4,1740,338,-689,1537
4,1945,745,966,512
4,2143,2168,906,-676
4,2334,2767,26,-637
4,2517,2499,-310,-10
4,2692,2287,-19,240
4,2857,2520,288,28
4,3014,2923,253,-192
4,3160,3144,76,-168
4,3296,3196,17,-44
4,3421,3260,71,1
4,3535,3389,122,-29
4,3636,3554,110,-74
4,3726,3670,64,-66
4,3804,3738,42,-33
4,3869,3799,48,-19
4,3921,3862,53,-19
4,3960,3921,47,-23
4,3985,3967,28,-21
4,3998,3984,12,-5
4,3998,3984,12,8
4,3984,3984,12,8
4,3957,3984,1,0
4,3916,3955,-19,12
4,3863,3904,-29,27
4,3797,3844,-30,34
4,3719,3782,-37,34
4,3628,3703,-47,40
4,3525,3609,-56,47
4,3410,3511,-68,48
4,3284,3389,-76,59
4,3147,3255,-79,69
4,3000,3117,-81,71
4,2843,2975,-90,70
4,2676,2816,-100,77
4,2500,2651,-110,80
4,2317,2469,-115,89
4,2125,2278,-114,96
4,1927,2088,-115,95
4,1722,1893,-123,96
4,1511,1686,-129,101
4,1295,1481,-138,99
4,1075,1253,-140,112
4,852,1032,-136,111
4,625,812,-136,108
4,397,586,-141,110
4,167,355,-142,113
4,16321,133,-149,109
4,16091,10352,11573,183
4,15862,22022,4666,-8264
4,15634,21312,-4183,-3358
4,15409,14776,-4267,2992
4,15188,12211,243,3077
4,14970,14134,2142,-17
4,14757,16138,702,-1519
4,14549,15731,-953,-497
4,14348,14306,-894,690
4,14153,13703,-13,652
4,13965,13968,321,25
4,13786,14175,27,-223
4,13615,13932,-279,-6
4,13454,13523,-242,213
4,13302,13299,-63,187
4,13160,13244,-5,61
4,13029,13176,-62,15
4,12909,13033,-111,52
4,12801,12865,-94,91
4,12704,12746,-52,81
4,12620,12670,-33,51
4,12548,12607,-41,34
4,12489,12528,-44,42
4,12443,12461,-33,45
4,12410,12414,-13,36
4,12390,12393,-5,20
4,12384,12373,0,17
4,12390,12373,0,11
4,12410,12373,4,15
4,12443,12386,25,12
4,12489,12425,42,-3
4,12548,12485,46,-19
4,12620,12546,45,-20
4,12704,12609,55,-16
4,12801,12691,72,-23
4,12909,12794,85,-35
4,13029,12914,85,-47
4,13160,13034,85,-47
4,13302,13160,94,-47
4,13454,13302,106,-53
4,13615,13462,113,-64
4,13786,13617,119,-61
4,13965,13795,125,-71
4,14153,13977,128,-76
4,14348,14167,131,-79
4,14549,14362,134,-81
4,14757,14561,141,-82
4,14970,14764,151,-82
4,15188,14988,154,-95
4,15409,15209,150,-96
4,15634,15428,150,-94
4,15862,15650,155,-93
4,16091,15881,158,-98
4,16321,16103,164,-94
4,167,16343,163,-103
4,397,6119,-11565,-169
4,625,-5560,-4656,8285
4,852,-4850,4198,3376
4,1075,1687,4283,-2976
4,1295,4266,-30,-3176
4,1511,2337,-2128,22
4,1722,322,-695,1537
4,1927,723,968,515
4,2125,2148,909,-675
4,2317,2751,27,-639
4,2500,2502,-309,-30
4,2676,2276,-17,233
4,2843,2505,285,29
4,3000,2906,253,-189
4,3147,3130,79,-169
4,3284,3184,18,-46
4,3410,3245,72,3
4,3525,3390,121,-40
4,3628,3547,101,-72
4,3719,3656,61,-58
4,3797,3727,46,-31
4,3863,3790,52,-19
4,3916,3857,56,-22
4,3957,3919,46,-26
4,3984,3960,31,-18
4,3998,3981,20,-7
4,3998,3993,11,0
4,3985,3993,11,0
4,3960,3984,-5,4
4,3921,3950,-17,19
4,3869,3908,-22,24
4,3804,3855,-29,29
4,3726,3793,-40,31
4,3636,3711,-51,41
4,3535,3619,-58,46
4,3421,3515,-66,53
4,3296,3397,-71,60
4,3160,3271,-78,64
4,3014,3133,-82,68
4,2857,2991,-92,69
4,2692,2837,-106,73
4,2517,2659,-110,88
4,2334,2480,-107,91
4,2143,2301,-111,89
4,1945,2111,-118,91
4,1740,1912,-126,96
4,1530,1712,-134,95
4,1315,1492,-140,108
4,1095,1271,-135,112
4,872,1053,-133,109
4,646,834,-138,107
4,418,606,-141,111
4,188,384,-148,108
4,16342,145,-149,118
4,16112,10367,11579,186
4,15882,22046,4671,-8269
4,15655,21336,-4183,-3362
4,15430,14796,-4268,2993
4,15208,12217,45,3191
4,14989,14145,2141,-7
4,14776,16156,707,-1520
4,14568,15751,-953,-498
4,14366,14326,-895,690
4,14170,13721,-14,652
4,13982,13965,318,46
4,13802,14186,26,-217
4,13630,13946,-274,-7
4,13468,13541,-239,209
4,13315,13315,-65,186
4,13172,13258,-7,61
4,13041,13192,-63,12
4,12920,13039,-111,58
4,12810,12874,-92,92
4,12713,12758,-54,79
4,12627,12680,-36,51
4,12554,12608,-40,39
4,12494,12535,-41,40
4,12447,12472,-35,40
4,12413,12418,-18,38
4,12392,12390,-3,25
4,12384,12376,2,15
4,12389,12376,2,7
4,12408,12376,2,12
4,12440,12384,22,13
4,12485,12422,41,-2
4,12543,12481,46,-19
4,12613,12542,44,-21
4,12696,12604,54,-18
4,12792,12682,71,-21
4,12899,12785,84,-35
4,13018,12904,84,-47
4,13148,13023,84,-47
4,13288,13146,95,-45
4,13439,13288,106,-53
4,13600,13440,116,-59
4,13770,13611,119,-70
4,13949,13784,118,-73
4,14135,13959,122,-71
4,14330,14142,132,-73
4,14531,14341,140,-81
4,14738,14540,148,-83
4,14950,14757,148,-93
4,15168,14971,143,-92
4,15389,15184,147,-89
4,15614,15404,155,-92
4,15841,15635,156,-99
4,16070,15856,160,-95
4,16300,16091,161,-101
4,146,16325,155,-102
4,376,6092,-11566,-163
4,605,-5584,-4653,8287
4,831,-4869,4203,3373
4,1055,1404,4457,-2801
4,1275,4256,-33,-3184
4,1491,2318,-2135,25
4,1703,297,-696,1542
4,1908,701,972,516
4,2107,2132,911,-679
4,2300,2736,68,-663
4,2484,2492,-309,-37
4,2660,2259,-23,237
4,2828,2487,286,30
4,2986,2891,256,-191
4,3134,3117,81,-171
4,3272,3172,18,-47
4,3399,3237,72,-1
4,3515,3377,120,-38
4,3619,3535,103,-71
4,3711,3648,66,-62
4,3791,3723,46,-35
4,3858,3783,52,-18
4,3912,3855,54,-24
4,3953,3915,43,-24
4,3982,3956,30,-18
4,3997,3977,21,-5
4,3999,3993,11,-1
4,3987,3993,11,1
4,3962,3983,-4,6
4,3925,3953,-15,17
4,3874,3911,-20,24
4,3810,3861,-28,27
4,3734,3799,-40,31
4,3645,3721,-51,39
4,3544,3624,-57,50
4,3432,3522,-62,53
4,3308,3408,-67,58
4,3173,3287,-76,59
4,3027,3148,-85,68
4,2872,3005,-95,70
4,2707,2843,-102,80
4,2533,2672,-102,86
4,2351,2499,-104,86
4,2160,2321,-111,86
4,1963,2128,-119,92
4,1759,1937,-131,92
4,1550,1720,-135,107
4,1335,1505,-128,109
4,1115,1295,-128,104
4,893,1079,-136,104
4,667,853,-140,110
4,438,633,-146,107
4,209,395,-147,117
4,16363,162,-140,117
4,16133,10395,11581,178
4,15903,22071,4668,-8272
4,15675,21356,-4188,-3359
4,15450,15082,-4444,2815
4,15228,12224,46,3203
4,15009,14161,2150,-8
4,14795,16182,710,-1528
4,14586,15777,-958,-503
4,14384,14338,-899,698
4,14188,13732,-53,679
4,13999,13975,323,52
4,13818,14201,32,-218
4,13646,13966,-272,-12
4,13482,13561,-241,206
4,13329,13332,-68,184
4,13185,13272,-9,62
4,13052,13197,-64,20
4,12930,13047,-107,59
4,12820,12888,-89,87
4,12721,12772,-55,76
4,12635,12691,-41,51
4,12561,12617,-44,40
4,12499,12538,-42,44
4,12451,12475,-34,41
4,12415,12422,-17,38
4,12393,12394,-3,23
4,12384,12377,2,15
4,12388,12377,2,6
4,12406,12377,2,10
4,12436,12385,20,11
4,12480,12421,36,-3
4,12537,12472,43,-13
4,12606,12533,48,-20
4,12688,12593,58,-16
4,12782,12681,70,-28
4,12889,12782,75,-37
4,13006,12892,80,-43
4,13135,13009,84,-45
4,13275,13133,96,-46
4,13425,13269,110,-49
4,13585,13431,118,-65
4,13754,13600,115,-72
4,13932,13766,115,-69
4,14118,13940,123,-69
4,14312,14126,132,-74
4,14512,14317,144,-77
4,14719,14530,146,-91
4,14931,14740,141,-91
4,15148,14948,142,-88
4,15369,15164,149,-90
4,15593,15385,155,-93
4,15820,15605,161,-92
4,16049,15842,161,-102
4,16279,16074,155,-102
4,125,16300,153,-97
4,355,6067,-11564,-160
4,584,-5608,-4651,8289
4,811,-5151,3970,3750
4,1035,1393,4458,-2811
4,1255,4243,-41,-3187
4,1472,2294,-2138,30
4,1684,275,-691,1543
4,1890,684,973,514
4,2089,2061,949,-645
4,2282,2723,65,-666
4,2468,2477,-314,-38
4,2645,2238,-21,241
4,2813,2472,290,28
4,2972,2879,257,-194
4,3121,3100,91,-173
4,3260,3164,18,-52
4,3388,3228,69,-2
4,3505,3363,118,-34
4,3610,3523,108,-72
4,3703,3640,67,-63
4,3784,3713,50,-35
4,3852,3776,55,-19
4,3908,3852,54,-27
4,3950,3912,42,-25
4,3980,3953,30,-18
4,3996,3974,22,-5
4,3999,3992,14,-3
4,3989,3992,14,0
4,3965,3985,-2,5
4,3929,3964,-16,9
4,3879,3922,-27,21
4,3816,3862,-32,33
4,3741,3802,-38,33
4,3654,3723,-45,41
4,3554,3640,-54,41
4,3442,3537,-66,50
4,3320,3419,-71,59
4,3186,3297,-77,62
4,3041,3166,-87,64
4,2887,3012,-95,77
4,2722,2853,-95,82
4,2549,2692,-99,80
4,2368,2519,-108,84
4,2178,2337,-114,88
4,1981,2151,-126,90
4,1778,1943,-128,102
4,1569,1736,-124,104
4,1354,1534,-127,99
4,1136,1318,-135,104
4,913,1098,-138,107
4,687,879,-145,107
4,459,644,-146,116
4,230,412,-140,117
4,0,187,-138,112
4,16153,-41,-140,111
4,15924,10190,11577,175
4,15696,21572,5179,-8237
4,15470,21397,-3954,-3724
4,15248,14860,-4434,2827
4,15029,12021,61,3197
4,14814,13971,2155,-19
4,14605,15992,706,-1531
4,14402,15643,-921,-577
4,14205,14199,-934,670
4,14016,13543,-44,684
4,13834,13804,336,44
4,13661,14047,35,-230
4,13497,13811,-275,-12
4,13342,13421,-251,202
4,13198,13183,-69,194
4,13064,13134,8,60
4,12941,13082,-51,8
4,12829,12947,-105,47
4,12730,12788,-91,87
4,12642,12680,-52,76
4,12567,12607,-29,50
4,12504,12547,-29,35
4,12455,12486,-32,34
4,12418,12430,-22,36
4,12394,12395,-10,28
4,12384,12375,-2,20
4,12387,12368,2,15
4,12404,12368,8,15
4,12433,12383,24,9
4,12476,12422,35,-6
4,12531,12464,41,-8
4,12599,12521,51,-15
4,12680,12596,56,-25
4,12773,12677,62,-28
4,12879,12771,71,-33
4,12995,12874,83,-36
4,13123,12996,90,-46
4,13262,13123,98,-49
4,13411,13266,105,-56
4,13570,13420,108,-63
4,13739,13578,111,-63
4,13916,13747,120,-68
4,14101,13925,125,-71
4,14294,14106,137,-73
4,14494,14307,141,-83
4,14700,14512,141,-88
4,14911,14717,141,-87
4,15128,14926,144,-87
4,15348,15142,151,-89
4,15573,15357,160,-89
4,15799,15593,163,-101
4,16028,15826,153,-103
4,16258,16047,152,-95
4,104,16275,156,-95
4,334,6047,-11563,-161
4,563,-5335,-5165,8252
4,790,-5161,3968,3740
4,1015,1376,4450,-2811
4,1236,4218,-43,-3181
4,1453,2272,-2135,32
4,1665,256,-689,1542
4,1871,605,936,592
4,2072,2051,951,-655
4,2265,2710,63,-669
4,2451,2458,-315,-35
4,2629,2225,-21,237
4,2798,2454,289,31
4,2958,2845,271,-182
4,3108,3091,93,-179
4,3248,3155,16,-55
4,3377,3214,66,1
4,3495,3349,120,-32
4,3601,3510,110,-70
4,3695,3629,73,-64
4,3777,3708,52,-39
4,3846,3771,54,-21
4,3903,3846,54,-27
4,3947,3906,43,-24
4,3978,3948,34,-18
4,3995,3977,21,-9
4,3999,3991,9,0
4,3990,3991,9,4
4,3968,3979,-1,12
4,3933,3958,-8,14
4,3884,3921,-18,21
4,3823,3875,-29,24
4,3749,3813,-41,31
4,3662,3732,-48,41
4,3564,3642,-53,47
4,3453,3543,-58,50
4,3331,3433,-68,54
4,3198,3315,-81,57
4,3055,3173,-90,70
4,2901,3023,-88,76
4,2738,2872,-91,75
4,2565,2712,-101,77
4,2384,2535,-110,85
4,2196,2361,-120,83
4,1999,2161,-126,98
4,1797,1960,-124,101
4,1588,1759,-125,101
4,1374,1551,-129,102
4,1156,1335,-134,106
4,933,1125,-141,102
4,708,891,-145,115
4,480,661,-138,116
4,251,440,-138,109
4,20,211,-142,111
4,16174,-23,-144,115
4,15945,9479,11522,934
4,15717,21581,5187,-8229
4,15491,21420,-3942,-3732
4,15268,14890,-4434,2818
4,15049,12046,55,3195
4,14834,13991,2150,-17
4,14624,15964,802,-1531
4,14420,15654,-921,-569
4,14223,14216,-930,669
4,14033,13562,-42,682
4,13850,13820,335,46
4,13676,14063,35,-230
4,13511,13845,-273,-32
4,13356,13431,-254,207
4,13210,13196,-66,193
4,13075,13148,7,59
4,12951,13093,-52,8
4,12839,12958,-106,46
4,12738,12803,-97,85
4,12649,12682,-51,82
4,12573,12612,-24,49
4,12509,12556,-30,32
4,12459,12494,-37,34
4,12421,12434,-27,39
4,12396,12396,-13,32
4,12385,12375,-1,22
4,12386,12370,0,15
4,12402,12370,2,15
4,12430,12378,22,13
4,12471,12416,36,-4
4,12526,12456,44,-7
4,12593,12518,53,-18
4,12672,12592,54,-26
4,12764,12670,58,-27
4,12868,12757,69,-27
4,12984,12863,83,-36
4,13111,12980,93,-42
4,13249,13117,96,-54
4,13397,13256,98,-56
4,13555,13402,105,-57
4,13723,13561,115,-63
4,13899,13733,120,-70
4,14084,13904,129,-69
4,14276,14097,135,-80
4,14475,14294,134,-85
4,14681,14491,134,-83
4,14892,14692,144,-83
4,15108,14908,150,-91
4,15328,15118,156,-88
4,15552,15349,157,-99
4,15779,15575,153,-99
4,16007,15798,153,-95
4,16237,16026,155,-96
4,83,16257,156,-98
4,313,6750,-11506,-914
4,542,-5345,-5168,8242
4,770,-5181,3957,3745
4,994,1349,4449,-2803
4,1216,4194,-39,-3180
4,1433,2253,-2133,30
4,1646,282,-788,1545
4,1853,593,937,585
4,2054,2033,947,-653
4,2248,2690,61,-666
4,2435,2437,-315,-31
4,2613,2207,-18,237
4,2783,2425,287,45
4,2944,2840,271,-192
4,3095,3082,87,-181
4,3236,3136,12,-47
4,3366,3197,70,4
4,3484,3341,123,-36
4,3592,3499,113,-71
4,3687,3626,70,-69
4,3770,3701,46,-37
4,3841,3764,51,-19
4,3899,3836,56,-23
4,3943,3899,50,-25
4,3975,3950,33,-23
4,3994,3977,17,-10
4,3999,3988,13,0
4,3992,3988,13,5
4,3971,3988,9,0
4,3936,3971,-11,6
4,3889,3933,-28,17
4,3829,3872,-33,34
4,3756,3809,-33,37
4,3671,3741,-41,36
4,3573,3659,-54,39
4,3464,3556,-66,50
4,3343,3443,-73,58
4,3211,3319,-78,63
4,3068,3182,-81,70
4,2915,3042,-86,69
4,2753,2888,-95,75
4,2581,2726,-103,79
4,2401,2557,-114,81
4,2213,2365,-117,95
4,2018,2173,-114,97
4,1815,1982,-117,95
4,1607,1782,-127,97
4,1394,1569,-132,104
4,1176,1362,-138,101
4,954,1134,-140,112
4,728,913,-138,110
4,501,685,-139,113
4,272,457,-139,114
4,41,229,-139,113
4,16195,10,-147,105
4,15966,10229,11572,180
4,15737,21896,4667,-8263
4,15511,21186,-4182,-3358
4,15288,14654,-4264,2989
4,15068,12090,245,3076
4,14853,14014,2143,-17
4,14643,16023,704,-1522
4,14438,15616,-951,-497
4,14240,14193,-891,691
4,14050,13594,-11,652
4,13866,13863,326,24
4,13692,14075,34,-226
4,13526,13842,-273,-13
4,13369,13438,-239,208
4,13223,13217,-62,183
4,13087,13164,-3,61
4,12962,13100,-56,15
4,12849,12971,-106,44
4,12747,12809,-95,88
4,12657,12691,-50,81
4,12580,12622,-26,48
4,12515,12563,-31,33
4,12463,12500,-37,34
4,12424,12441,-31,38
4,12398,12399,-18,34
4,12385,12373,-1,26
4,12386,12370,0,15
4,12400,12370,2,15
4,12427,12378,20,12
4,12467,12411,36,-2
4,12520,12459,41,-12
4,12586,12516,44,-18
4,12665,12578,53,-18
4,12756,12659,64,-26
4,12859,12755,72,-35
4,12973,12853,82,-35
4,13099,12973,89,-44
4,13236,13104,93,-51
4,13383,13242,97,-54
4,13541,13384,107,-54
4,13707,13545,117,-62
4,13883,13711,124,-66
4,14067,13893,129,-74
4,14258,14082,130,-80
4,14457,14273,130,-80
4,14662,14468,138,-80
4,14872,14678,144,-88
4,15088,14882,151,-85
4,15308,15106,154,-95
4,15532,15327,153,-95
4,15758,15553,154,-98
4,15986,15778,153,-96
4,16216,16006,155,-97
4,62,16228,162,-93
4,292,6008,-11559,-166
4,522,-5662,-4651,8280
4,749,-4952,4198,3375
4,974,1585,4283,-2977
4,1196,4150,-228,-3062
4,1413,2227,-2126,32
4,1626,223,-687,1534
4,1834,630,968,512
4,2036,2055,909,-675
4,2230,2659,29,-637
4,2418,2395,-307,-11
4,2597,2187,-14,238
4,2768,2428,292,23
4,2930,2837,256,-197
4,3082,3063,80,-173
4,3223,3119,19,-46
4,3354,3185,74,1
4,3474,3327,127,-36
4,3582,3497,109,-77
4,3679,3614,67,-65
4,3763,3691,48,-36
4,3835,3754,56,-19
4,3894,3833,59,-27
4,3940,3900,48,-30
4,3973,3947,28,-21
4,3993,3968,20,-5
4,4000,3988,15,-2
4,3993,3988,15,5
4,3973,3988,11,0
4,3940,3975,-10,3
4,3894,3936,-27,18
4,3835,3876,-31,34
4,3763,3815,-30,35
4,3679,3752,-40,31
4,3582,3670,-57,38
4,3474,3567,-70,50
4,3354,3447,-70,62
4,3223,3327,-70,62
4,3082,3201,-79,62
4,2930,3060,-90,67
4,2768,2901,-99,79
4,2597,2745,-106,76
4,2418,2567,-112,86
4,2230,2384,-114,91
4,2036,2193,-115,95
4,1834,2000,-118,95
4,1626,1801,-126,96
4,1413,1597,-137,98
4,1196,1374,-139,109
4,974,1153,-135,111
4,749,934,-135,108
4,522,712,-142,108
4,292,481,-143,113
4,62,258,-149,109
4,16216,18,-148,118
4,15986,10242,11580,184
4,15758,21921,4671,-8270
4,15532,21211,-4183,-3361
4,15308,14674,-4268,2992
4,15088,12095,45,3191
4,14872,14024,2143,-7
4,14662,16039,710,-1522
4,14457,15639,-952,-501
4,14258,14214,-893,690
4,14067,13612,-12,652
4,13883,13860,323,46
4,13707,14085,30,-217
4,13541,13856,-271,-13
4,13383,13454,-239,207
4,13236,13230,-64,185
4,13099,13176,-1,61
4,12973,13117,-55,10
4,12859,12973,-106,53
4,12756,12816,-87,87
4,12665,12706,-48,74
4,12586,12632,-30,48
4,12520,12570,-35,34
4,12467,12510,-42,31
4,12427,12440,-33,44
4,12400,12398,-10,34
4,12386,12380,2,19
4,12385,12380,2,5
4,12398,12380,2,4
4,12424,12380,6,15
4,12463,12397,31,12
4,12515,12451,47,-11
4,12580,12513,47,-21
4,12657,12576,50,-21
4,12747,12652,58,-24
4,12849,12736,72,-25
4,12962,12848,82,-40
4,13087,12966,84,-46
4,13223,13088,90,-46
4,13369,13225,101,-52
4,13526,13376,108,-61
4,13692,13528,115,-59
4,13866,13700,122,-69
4,14050,13879,124,-75
4,14240,14061,128,-75
4,14438,14253,133,-79
4,14643,14451,138,-82
4,14853,14647,148,-78
4,15068,14868,156,-93
4,15288,15091,152,-99
4,15511,15310,148,-96
4,15737,15528,151,-92
4,15966,15754,156,-95
4,16195,15976,164,-92
4,41,16216,165,-103
4,272,5995,-11565,-171
4,501,-5685,-4657,8286
4,728,-4976,4197,3379
4,954,1561,4284,-2975
4,1176,4145,-28,-3177
4,1394,2219,-2127,21
4,1607,205,-694,1536
4,1815,607,969,516
4,2018,2036,912,-677
4,2213,2644,29,-640
4,2401,2397,-306,-31
4,2581,2175,-12,232
4,2753,2415,289,22
4,2915,2820,254,-194
4,3068,3046,80,-171
4,3211,3103,22,-46
4,3343,3169,78,3
4,3464,3323,128,-44
4,3573,3490,106,-79
4,3671,3603,65,-62
4,3756,3680,51,-34
4,3829,3752,55,-23
4,3889,3826,58,-26
4,3936,3893,47,-27
4,3971,3942,30,-21
4,3992,3963,24,-4
4,3999,3984,22,-3
4,3994,3995,9,0
4,3975,3984,-1,11
4,3943,3963,-7,16
4,3899,3933,-14,17
4,3841,3892,-26,20
4,3770,3831,-40,30
4,3687,3752,-46,41
4,3592,3672,-52,41
4,3484,3572,-60,50
4,3366,3461,-66,56
4,3236,3343,-71,59
4,3095,3211,-81,66
4,2944,3070,-89,70
4,2783,2921,-99,73
4,2613,2752,-104,83
4,2435,2578,-105,88
4,2248,2401,-108,88
4,2054,2216,-116,90
4,1853,2020,-123,96
4,1646,1826,-132,93
4,1433,1607,-136,107
4,1216,1390,-131,109
4,994,1176,-132,106
4,770,956,-139,108
4,542,728,-141,113
4,313,507,-146,108
4,83,269,-147,118
4,16237,36,-140,117
4,16007,10269,11581,178
4,15779,21945,4668,-8272
4,15552,21232,-4186,-3360
4,15328,14959,-4444,2815
4,15108,12101,46,3204
4,14892,14041,2153,-9
4,14681,16066,713,-1530
4,14475,15666,-958,-506
4,14276,14227,-899,698
4,14084,13623,-51,679
4,13899,13868,327,53
4,13723,14103,38,-223
4,13555,13875,-272,-16
4,13397,13470,-241,206
4,13249,13244,-66,186
4,13111,13189,-3,62
4,12984,13124,-57,16
4,12868,12984,-105,53
4,12764,12826,-88,86
4,12672,12713,-51,77
4,12593,12638,-31,50
4,12526,12578,-36,33
4,12471,12507,-39,39
4,12430,12446,-29,40
4,12402,12405,-16,33
4,12386,12384,-6,21
4,12385,12368,4,16
4,12396,12368,4,15
4,12421,12378,19,9
4,12459,12408,30,-2
4,12509,12450,35,-8
4,12573,12500,43,-12
4,12649,12562,55,-16
4,12738,12640,66,-24
4,12839,12737,72,-35
4,12951,12839,77,-38
4,13075,12953,82,-43
4,13210,13074,91,-44
4,13356,13213,100,-53
4,13511,13356,110,-55
4,13676,13518,117,-65
4,13850,13689,117,-71
4,14033,13862,119,-71
4,14223,14041,127,-71
4,14420,14234,135,-78
4,14624,14425,145,-77
4,14834,14641,149,-91
4,15049,14856,143,-93
4,15268,15068,145,-91
4,15491,15285,150,-92
4,15717,15507,155,-93
4,15945,15729,162,-93
4,16174,15967,162,-103
4,20,16200,153,-102
4,251,5965,-11568,-161
4,480,-5712,-4652,8289
4,708,-4995,4204,3373
4,933,1279,4460,-2801
4,1156,4138,-30,-3190
4,1374,2202,-2136,22
4,1588,178,-697,1545
4,1797,582,974,519
4,1999,2021,916,-682
4,2196,2630,70,-666
4,2384,2389,-308,-39
4,2565,2159,-21,236
4,2738,2393,289,28
4,2901,2802,260,-194
4,3055,3035,83,-175
4,3198,3091,22,-47
4,3331,3160,78,-1
4,3453,3312,124,-43
4,3564,3473,106,-73
4,3662,3590,72,-62
4,3749,3671,56,-37
4,3823,3745,59,-25
4,3884,3824,57,-29
4,3933,3887,48,-27
4,3968,3939,32,-22
4,3990,3967,18,-8
4,3999,3984,13,0
4,3995,3984,13,9
4,3978,3984,13,5
4,3947,3976,-4,4
4,3903,3940,-21,18
4,3846,3889,-28,28
4,3777,3828,-33,35
4,3695,3768,-43,31
4,3601,3680,-55,43
4,3495,3579,-60,52
4,3377,3475,-66,53
4,3248,3355,-74,59
4,3108,3223,-80,65
4,2958,3088,-91,66
4,2798,2928,-98,79
4,2629,2766,-99,82
4,2451,2598,-103,83
4,2265,2421,-111,86
4,2072,2231,-118,93
4,1871,2042,-124,92
4,1665,1835,-129,101
4,1453,1625,-128,104
4,1236,1413,-130,105
4,1015,1197,-134,106
4,790,977,-140,108
4,563,755,-147,109
4,334,518,-145,118
4,104,286,-138,117
4,16258,63,-138,110
4,16028,10295,11578,174
4,15799,21968,4665,-8272
4,15573,21511,-3954,-3735
4,15348,14967,-4440,2826
4,15128,12119,55,3202
4,14911,14066,2153,-14
4,14700,16087,707,-1529
4,14494,15678,-958,-499
4,14294,14301,-934,660
4,14101,13638,-51,682
4,13916,13883,329,54
4,13739,14122,37,-224
4,13570,13891,-274,-15
4,13411,13484,-243,208
4,13262,13263,-78,187
4,13123,13195,-5,70
4,12995,13131,-53,19
4,12879,12996,-101,50
4,12773,12838,-90,86
4,12680,12723,-53,77
4,12599,12649,-36,49
4,12531,12581,-39,38
4,12476,12509,-38,41
4,12433,12450,-26,39
4,12404,12409,-16,32
4,12387,12388,-8,20
4,12384,12368,-1,20
4,12394,12368,2,15
4,12418,12376,18,9
4,12455,12397,31,6
4,12504,12439,43,-5
4,12567,12500,48,-20
4,12642,12560,52,-19
4,12730,12637,59,-24
4,12829,12726,69,-30
4,12941,12827,77,-36
4,13064,12942,83,-42
4,13198,13064,91,-45
4,13342,13196,102,-49
4,13497,13349,108,-61
4,13661,13506,109,-63
4,13834,13668,117,-65
4,14016,13844,123,-71
4,14205,14026,128,-74
4,14402,14210,138,-74
4,14605,14414,143,-83
4,14814,14622,143,-88
4,15029,14832,143,-89
4,15248,15045,147,-89
4,15470,15264,153,-92
4,15696,15481,160,-91
4,15924,15717,162,-102
4,16153,15950,153,-102
4,0,16171,153,-94
4,230,5941,-11561,-160
4,459,-5729,-4648,8283
4,687,-5274,3967,3750
4,913,1268,4457,-2809
4,1136,4117,-37,-3185
4,1354,2176,-2134,27
4,1569,159,-693,1542
4,1778,567,975,515
4,1981,1948,952,-646
4,2178,2616,69,-669
4,2368,2373,-311,-39
4,2549,2143,-20,235
4,2722,2376,289,29
4,2887,2786,260,-194
4,3041,3015,97,-176
4,3186,3087,24,-58
4,3320,3155,71,-4
4,3442,3299,121,-39
4,3554,3460,109,-72
4,3654,3585,71,-66
4,3741,3661,56,-35
4,3816,3740,58,-28
4,3879,3817,55,-28
4,3929,3880,48,-25
4,3965,3934,34,-22
4,3989,3965,21,-10
4,3999,3985,16,-4
4,3996,3992,15,0
4,3980,3992,9,0
4,3950,3980,-8,4
4,3908,3942,-22,19
4,3852,3893,-26,28
4,3784,3836,-33,33
4,3703,3769,-40,35
4,3610,3687,-49,41
4,3505,3591,-58,48
4,3388,3484,-66,54
4,3260,3364,-72,60
4,3121,3240,-82,61
4,2972,3098,-92,69
4,2813,2941,-94,78
4,2645,2782,-96,79
4,2468,2616,-105,82
4,2282,2438,-111,86
4,2089,2256,-123,88
4,1890,2054,-127,99
4,1684,1849,-125,104
4,1472,1647,-126,100
4,1255,1434,-131,104
4,1035,1216,-135,107
4,811,1005,-143,102
4,584,769,-147,116
4,355,536,-138,117
4,125,315,-138,109
4,16279,86,-142,110
4,16049,10313,11578,177
4,15820,21695,5180,-8236
4,15593,21521,-3953,-3724
4,15369,14984,-4434,2826
4,15148,12145,59,3195
4,14931,14091,2150,-18
4,14719,16106,704,-1527
4,14512,15757,-921,-577
4,14312,14311,-937,670
4,14118,13651,-47,685
4,13932,13903,330,50
4,13754,14136,36,-222
4,13585,13907,-274,-16
4,13425,13516,-256,197
4,13275,13270,-78,194
4,13135,13206,-1,70
4,13006,13147,-51,14
4,12889,13012,-105,47
4,12782,12851,-95,86
4,12688,12732,-58,79
4,12606,12653,-37,54
4,12537,12590,-39,36
4,12480,12515,-39,42
4,12436,12455,-28,39
4,12406,12413,-19,33
4,12388,12384,-6,25
4,12384,12370,6,15
4,12393,12370,6,11
4,12415,12382,16,3
4,12451,12403,23,1
4,12499,12440,33,-5
4,12561,12486,44,-9
4,12635,12548,57,-15
4,12721,12630,65,-27
4,12820,12723,67,-35
4,12930,12820,71,-35
4,13052,12923,84,-35
4,13185,13048,99,-45
4,13329,13190,103,-56
4,13482,13336,103,-58
4,13646,13489,108,-61
4,13818,13651,118,-64
4,13999,13827,124,-71
4,14188,14001,134,-69
4,14384,14200,141,-82
4,14586,14401,139,-86
4,14795,14602,140,-86
4,15009,14810,144,-87
4,15228,15026,149,-91
4,15450,15236,158,-87
4,15675,15471,160,-101
4,15903,15700,153,-101
4,16133,15921,153,-94
4,16363,16150,157,-95
4,209,16384,159,-100
4,438,6882,-11507,-919
4,667,-5220,-5172,8244
4,893,-5059,3957,3748
4,1115,1471,4450,-2803
4,1335,4316,-40,-3181
4,1550,2371,-2135,32
4,1759,398,-787,1546
4,1963,708,935,584
4,2160,2142,943,-650
4,2351,2795,57,-663
4,2533,2538,-315,-29
4,2707,2307,-19,236
4,2872,2518,283,48
4,3027,2928,267,-189
4,3173,3163,83,-177
4,3308,3213,10,-45
4,3432,3270,68,4
4,3544,3406,119,-33
4,3645,3558,109,-68
4,3734,3678,67,-66
4,3810,3749,41,-35
4,3874,3806,44,-18
4,3925,3868,50,-19
4,3962,3927,41,-22
4,3987,3964,29,-16
4,3999,3985,18,-7
4,3997,3993,13,0
4,3982,3993,9,0
4,3953,3981,-7,5
4,3912,3944,-20,19
4,3858,3904,-27,22
4,3791,3843,-35,33
4,3711,3773,-39,38
4,3619,3694,-46,40
4,3515,3600,-55,47
4,3399,3497,-66,51
4,3272,3382,-77,56
4,3134,3245,-82,68
4,2986,3105,-84,71
4,2828,2959,-90,72
4,2660,2800,-100,78
4,2484,2628,-105,85
4,2300,2457,-114,84
4,2107,2264,-119,96
4,1908,2067,-119,100
4,1703,1870,-119,98
4,1491,1670,-127,97
4,1275,1454,-134,104
4,1055,1244,-141,102
4,831,1013,-142,113
4,605,786,-138,114
4,376,565,-138,109
4,146,336,-142,111
4,16300,105,-143,113
4,16070,9609,11520,931
4,15841,21706,5184,-8228
4,15614,21542,-3942,-3730
4,15389,15012,-4434,2819
4,15168,12167,54,3195
4,14950,14108,2149,-14
4,14738,16080,802,-1531
4,14531,15768,-923,-568
4,14330,14327,-931,670
4,14135,13671,-44,681
4,13949,13926,328,45
4,13770,14152,31,-218
4,13600,13935,-270,-30
4,13439,13523,-255,205
4,13288,13281,-72,194
4,13148,13222,3,65
4,13018,13163,-53,12
4,12899,13023,-106,48
4,12792,12867,-101,83
4,12696,12737,-59,85
4,12613,12659,-34,54
4,12543,12596,-37,36
4,12485,12524,-39,39
4,12440,12462,-32,39
4,12408,12414,-18,35
4,12389,12385,-4,25
4,12384,12372,4,15
4,12392,12372,4,10
4,12413,12372,10,15
4,12447,12391,28,8
4,12494,12430,42,-4
4,12554,12490,46,-19
4,12627,12552,46,-21
4,12713,12615,57,-16
4,12810,12707,71,-29
4,12920,12809,77,-37
4,13041,12918,84,-40
4,13172,13040,92,-45
4,13315,13177,97,-53
4,13468,13318,104,-55
4,13630,13475,113,-63
4,13802,13638,116,-66
4,13982,13805,126,-66
4,14170,13995,132,-79
4,14366,14188,129,-82
4,14568,14380,132,-80
4,14776,14579,140,-81
4,14989,14792,146,-89
4,15208,14999,153,-86
4,15430,15227,155,-96
4,15655,15450,152,-96
4,15882,15673,154,-95
4,16112,15901,156,-97
4,16342,16132,157,-98
4,188,16354,164,-94
4,418,6135,-11558,-168
4,646,-5535,-4651,8279
4,872,-4825,4197,3373
4,1095,1707,4279,-2974
4,1315,4271,-230,-3061
4,1530,2347,-2128,32
4,1740,338,-689,1537
4,1945,745,966,512
4,2143,2168,906,-676
4,2334,2767,26,-637
4,2517,2499,-310,-10
4,2692,2287,-19,240
4,2857,2520,288,28
4,3014,2923,253,-192
4,3160,3144,76,-168
4,3296,3196,17,-44
4,3421,3260,71,1
4,3535,3389,122,-29
4,3636,3554,110,-74
4,3726,3670,64,-66
4,3804,3738,42,-33
4,3869,3799,48,-19
4,3921,3862,53,-19
4,3960,3921,47,-23
4,3985,3967,28,-21
4,3998,3984,12,-5
4,3998,3984,12,8
4,3984,3984,12,8
4,3957,3984,1,0
4,3916,3955,-19,12
4,3863,3904,-29,27
4,3797,3844,-30,34
4,3719,3782,-37,34
4,3628,3703,-47,40
4,3525,3609,-56,47
4,3410,3511,-68,48
4,3284,3389,-76,59
4,3147,3255,-79,69
4,3000,3117,-81,71
4,2843,2975,-90,70
4,2676,2816,-100,77
4,2500,2651,-110,80
4,2317,2469,-115,89
4,2125,2278,-114,96
4,1927,2088,-115,95
4,1722,1893,-123,96
4,1511,1686,-129,101
4,1295,1481,-138,99
4,1075,1253,-140,112
4,852,1032,-136,111
4,625,812,-136,108
4,397,586,-141,110
4,167,355,-142,113
4,16321,133,-149,109
4,16091,10352,11573,183
4,15862,22022,4666,-8264
4,15634,21312,-4183,-3358
4,15409,14776,-4267,2992
4,15188,12211,243,3077
4,14970,14134,2142,-17
4,14757,16138,702,-1519
4,14549,15731,-953,-497
4,14348,14306,-894,690
4,14153,13703,-13,652
4,13965,13968,321,25
4,13786,14175,27,-223
4,13615,13932,-279,-6
4,13454,13523,-242,213
4,13302,13299,-63,187
4,13160,13244,-5,61
4,13029,13176,-62,15
4,12909,13033,-111,52
4,12801,12865,-94,91
4,12704,12746,-52,81
4,12620,12670,-33,51
4,12548,12607,-41,34
4,12489,12528,-44,42
4,12443,12461,-33,45
4,12410,12414,-13,36
4,12390,12393,-5,20
4,12384,12373,0,17
4,12390,12373,0,11
4,12410,12373,4,15
4,12443,12386,25,12
4,12489,12425,42,-3
4,12548,12485,46,-19
4,12620,12546,45,-20
4,12704,12609,55,-16
4,12801,12691,72,-23
4,12909,12794,85,-35
4,13029,12914,85,-47
4,13160,13034,85,-47
4,13302,13160,94,-47
4,13454,13302,106,-53
4,13615,13462,113,-64
4,13786,13617,119,-61
4,13965,13795,125,-71
4,14153,13977,128,-76
4,14348,14167,131,-79
4,14549,14362,134,-81
4,14757,14561,141,-82
4,14970,14764,151,-82
4,15188,14988,154,-95
4,15409,15209,150,-96
4,15634,15428,150,-94
4,15862,15650,155,-93
4,16091,15881,158,-98
4,16321,16103,164,-94
4,167,16343,163,-103
4,397,6119,-11565,-169
4,625,-5560,-4656,8285
4,852,-4850,4198,3376
4,1075,1687,4283,-2976
4,1295,4266,-30,-3176
4,1511,2337,-2128,22
4,1722,322,-695,1537
4,1927,723,968,515
4,2125,2148,909,-675
4,2317,2751,27,-639
4,2500,2502,-309,-30
4,2676,2276,-17,233
4,2843,2505,285,29
4,3000,2906,253,-189
4,3147,3130,79,-169
4,3284,3184,18,-46
4,3410,3245,72,3
4,3525,3390,121,-40
4,3628,3547,101,-72
4,3719,3656,61,-58
4,3797,3727,46,-31
4,3863,3790,52,-19
4,3916,3857,56,-22
4,3957,3919,46,-26
4,3984,3960,31,-18
4,3998,3981,20,-7
4,3998,3993,11,0
4,3985,3993,11,0
4,3960,3984,-5,4
4,3921,3950,-17,19
4,3869,3908,-22,24
4,3804,3855,-29,29
4,3726,3793,-40,31
4,3636,3711,-51,41
4,3535,3619,-58,46
4,3421,3515,-66,53
4,3296,3397,-71,60
4,3160,3271,-78,64
4,3014,3133,-82,68
4,2857,2991,-92,69
4,2692,2837,-106,73
4,2517,2659,-110,88
4,2334,2480,-107,91
4,2143,2301,-111,89
4,1945,2111,-118,91
4,1740,1912,-126,96
4,1530,1712,-134,95
4,1315,1492,-140,108
4,1095,1271,-135,112
4,872,1053,-133,109
4,646,834,-138,107
4,418,606,-141,111
4,188,384,-148,108
4,16342,145,-149,118
4,16112,10367,11579,186
4,15882,22046,4671,-8269
4,15655,21336,-4183,-3362
4,15430,14796,-4268,2993
4,15208,12217,45,3191
4,14989,14145,2141,-7
4,14776,16156,707,-1520
4,14568,15751,-953,-498
4,14366,14326,-895,690
4,14170,13721,-14,652
4,13982,13965,318,46
4,13802,14186,26,-217
4,13630,13946,-274,-7
4,13468,13541,-239,209
4,13315,13315,-65,186
4,13172,13258,-7,61
4,13041,13192,-63,12
4,12920,13039,-111,58
4,12810,12874,-92,92
4,12713,12758,-54,79
4,12627,12680,-36,51
4,12554,12608,-40,39
4,12494,12535,-41,40
4,12447,12472,-35,40
4,12413,12418,-18,38
4,12392,12390,-3,25
4,12384,12376,2,15
4,12389,12376,2,7
4,12408,12376,2,12
4,12440,12384,22,13
4,12485,12422,41,-2
4,12543,12481,46,-19
4,12613,12542,44,-21
4,12696,12604,54,-18
4,12792,12682,71,-21
4,12899,12785,84,-35
4,13018,12904,84,-47
4,13148,13023,84,-47
4,13288,13146,95,-45
4,13439,13288,106,-53
4,13600,13440,116,-59
4,13770,13611,119,-70
4,13949,13784,118,-73
4,14135,13959,122,-71
4,14330,14142,132,-73
4,14531,14341,140,-81
4,14738,14540,148,-83
4,14950,14757,148,-93
4,15168,14971,143,-92
4,15389,15184,147,-89
4,15614,15404,155,-92
4,15841,15635,156,-99
4,16070,15856,160,-95
4,16300,16091,161,-101
4,146,16325,155,-102
4,376,6092,-11566,-163
4,605,-5584,-4653,8287
4,831,-4869,4203,3373
4,1055,1404,4457,-2801
4,1275,4256,-33,-3184
4,1491,2318,-2135,25
4,1703,297,-696,1542
4,1908,701,972,516
4,2107,2132,911,-679
4,2300,2736,68,-663
4,2484,2492,-309,-37
4,2660,2259,-23,237
4,2828,2487,286,30
4,2986,2891,256,-191
4,3134,3117,81,-171
4,3272,3172,18,-47
4,3399,3237,72,-1
4,3515,3377,120,-38
4,3619,3535,103,-71
4,3711,3648,66,-62
4,3791,3723,46,-35
4,3858,3783,52,-18
4,3912,3855,54,-24
4,3953,3915,43,-24
4,3982,3956,30,-18
4,3997,3977,21,-5
4,3999,3993,11,-1
4,3987,3993,11,1
4,3962,3983,-4,6
4,3925,3953,-15,17
4,3874,3911,-20,24
4,3810,3861,-28,27
4,3734,3799,-40,31
4,3645,3721,-51,39
4,3544,3624,-57,50
4,3432,3522,-62,53
4,3308,3408,-67,58
4,3173,3287,-76,59
4,3027,3148,-85,68
4,2872,3005,-95,70
4,2707,2843,-102,80
4,2533,2672,-102,86
4,2351,2499,-104,86
4,2160,2321,-111,86
4,1963,2128,-119,92
4,1759,1937,-131,92
4,1550,1720,-135,107
4,1335,1505,-128,109
4,1115,1295,-128,104
4,893,1079,-136,104
4,667,853,-140,110
4,438,633,-146,107
4,209,395,-147,117
4,16363,162,-140,117
4,16133,10395,11581,178
4,15903,22071,4668,-8272
4,15675,21356,-4188,-3359
4,15450,15082,-4444,2815
4,15228,12224,46,3203
4,15009,14161,2150,-8
4,14795,16182,710,-1528
4,14586,15777,-958,-503
4,14384,14338,-899,698
4,14188,13732,-53,679
4,13999,13975,323,52
4,13818,14201,32,-218
4,13646,13966,-272,-12
4,13482,13561,-241,206
4,13329,13332,-68,184
4,13185,13272,-9,62
4,13052,13197,-64,20
4,12930,13047,-107,59
4,12820,12888,-89,87
4,12721,12772,-55,76
4,12635,12691,-41,51
4,12561,12617,-44,40
4,12499,12538,-42,44
4,12451,12475,-34,41
4,12415,12422,-17,38
4,12393,12394,-3,23
4,12384,12377,2,15
4,12388,12377,2,6
4,12406,12377,2,10
4,12436,12385,20,11
4,12480,12421,36,-3
4,12537,12472,43,-13
4,12606,12533,48,-20
4,12688,12593,58,-16
4,12782,12681,70,-28
4,12889,12782,75,-37
4,13006,12892,80,-43
4,13135,13009,84,-45
4,13275,13133,96,-46
4,13425,13269,110,-49
4,13585,13431,118,-65
4,13754,13600,115,-72
4,13932,13766,115,-69
4,14118,13940,123,-69
4,14312,14126,132,-74
4,14512,14317,144,-77
4,14719,14530,146,-91
4,14931,14740,141,-91
4,15148,14948,142,-88
4,15369,15164,149,-90
4,15593,15385,155,-93
4,15820,15605,161,-92
4,16049,15842,161,-102
4,16279,16074,155,-102
4,125,16300,153,-97
4,355,6067,-11564,-160
4,584,-5608,-4651,8289
4,811,-5151,3970,3750
4,1035,1393,4458,-2811
4,1255,4243,-41,-3187
4,1472,2294,-2138,30
4,1684,275,-691,1543
4,1890,684,973,514
4,2089,2061,949,-645
4,2282,2723,65,-666
4,2468,2477,-314,-38
4,2645,2238,-21,241
4,2813,2472,290,28
4,2972,2879,257,-194
4,3121,3100,91,-173
4,3260,3164,18,-52
4,3388,3228,69,-2
4,3505,3363,118,-34
4,3610,3523,108,-72
4,3703,3640,67,-63
4,3784,3713,50,-35
4,3852,3776,55,-19
4,3908,3852,54,-27
4,3950,3912,42,-25
4,3980,3953,30,-18
4,3996,3974,22,-5
4,3999,3992,14,-3
4,3989,3992,14,0
4,3965,3985,-2,5
4,3929,3964,-16,9
4,3879,3922,-27,21
4,3816,3862,-32,33
4,3741,3802,-38,33
4,3654,3723,-45,41
4,3554,3640,-54,41
4,3442,3537,-66,50
4,3320,3419,-71,59
4,3186,3297,-77,62
4,3041,3166,-87,64
4,2887,3012,-95,77
4,2722,2853,-95,82
4,2549,2692,-99,80
4,2368,2519,-108,84
4,2178,2337,-114,88
4,1981,2151,-126,90
4,1778,1943,-128,102
4,1569,1736,-124,104
4,1354,1534,-127,99
4,1136,1318,-135,104
4,913,1098,-138,107
4,687,879,-145,107
4,459,644,-146,116
4,230,412,-140,117
4,0,187,-138,112
4,16153,-41,-140,111
4,15924,10190,11577,175
4,15696,21572,5179,-8237
4,15470,21397,-3954,-3724
4,15248,14860,-4434,2827
4,15029,12021,61,3197
4,14814,13971,2155,-19
4,14605,15992,706,-1531
4,14402,15643,-921,-577
4,14205,14199,-934,670
4,14016,13543,-44,684
4,13834,13804,336,44
4,13661,14047,35,-230
4,13497,13811,-275,-12
4,13342,13421,-251,202
4,13198,13183,-69,194
4,13064,13134,8,60
4,12941,13082,-51,8
4,12829,12947,-105,47
4,12730,12788,-91,87
4,12642,12680,-52,76
4,12567,12607,-29,50
4,12504,12547,-29,35
4,12455,12486,-32,34
4,12418,12430,-22,36
4,12394,12395,-10,28
4,12384,12375,-2,20
4,12387,12368,2,15
4,12404,12368,8,15
4,12433,12383,24,9
4,12476,12422,35,-6
4,12531,12464,41,-8
4,12599,12521,51,-15
4,12680,12596,56,-25
4,12773,12677,62,-28
4,12879,12771,71,-33
4,12995,12874,83,-36
4,13123,12996,90,-46
4,13262,13123,98,-49
4,13411,13266,105,-56
4,13570,13420,108,-63
4,13739,13578,111,-63
4,13916,13747,120,-68
4,14101,13925,125,-71
4,14294,14106,137,-73
4,14494,14307,141,-83
4,14700,14512,141,-88
4,14911,14717,141,-87
4,15128,14926,144,-87
4,15348,15142,151,-89
4,15573,15357,160,-89
4,15799,15593,163,-101
4,16028,15826,153,-103
4,16258,16047,152,-95
4,104,16275,156,-95
4,334,6047,-11563,-161
4,563,-5335,-5165,8252
4,790,-5161,3968,3740
4,1015,1376,4450,-2811
4,1236,4218,-43,-3181
4,1453,2272,-2135,32
4,1665,256,-689,1542
4,1871,605,936,592
4,2072,2051,951,-655
4,2265,2710,63,-669
4,2451,2458,-315,-35
4,2629,2225,-21,237
4,2798,2454,289,31
4,2958,2845,271,-182
4,3108,3091,93,-179
4,3248,3155,16,-55
4,3377,3214,66,1
4,3495,3349,120,-32
4,3601,3510,110,-70
4,3695,3629,73,-64
4,3777,3708,52,-39
4,3846,3771,54,-21
4,3903,3846,54,-27
4,3947,3906,43,-24
4,3978,3948,34,-18
4,3995,3977,21,-9
4,3999,3991,9,0
4,3990,3991,9,4
4,3968,3979,-1,12
4,3933,3958,-8,14
4,3884,3921,-18,21
4,3823,3875,-29,24
4,3749,3813,-41,31
4,3662,3732,-48,41
4,3564,3642,-53,47
4,3453,3543,-58,50
4,3331,3433,-68,54
4,3198,3315,-81,57
4,3055,3173,-90,70
4,2901,3023,-88,76
4,2738,2872,-91,75
4,2565,2712,-101,77
4,2384,2535,-110,85
4,2196,2361,-120,83
4,1999,2161,-126,98
4,1797,1960,-124,101
4,1588,1759,-125,101
4,1374,1551,-129,102
4,1156,1335,-134,106
4,933,1125,-141,102
4,708,891,-145,115
4,480,661,-138,116
4,251,440,-138,109
4,20,211,-142,111
4,16174,-23,-144,115
4,15945,9479,11522,934
4,15717,21581,5187,-8229
4,15491,21420,-3942,-3732
4,15268,14890,-4434,2818
4,15049,12046,55,3195
4,14834,13991,2150,-17
4,14624,15964,802,-1531
4,14420,15654,-921,-569
4,14223,14216,-930,669
4,14033,13562,-42,682
4,13850,13820,335,46
4,13676,14063,35,-230
4,13511,13845,-273,-32
4,13356,13431,-254,207
4,13210,13196,-66,193
4,13075,13148,7,59
4,12951,13093,-52,8
4,12839,12958,-106,46
4,12738,12803,-97,85
4,12649,12682,-51,82
4,12573,12612,-24,49
4,12509,12556,-30,32
4,12459,12494,-37,34
4,12421,12434,-27,39
4,12396,12396,-13,32
4,12385,12375,-1,22
4,12386,12370,0,15
4,12402,12370,2,15
4,12430,12378,22,13
4,12471,12416,36,-4
4,12526,12456,44,-7
4,12593,12518,53,-18
4,12672,12592,54,-26
4,12764,12670,58,-27
4,12868,12757,69,-27
4,12984,12863,83,-36
4,13111,12980,93,-42
4,13249,13117,96,-54
4,13397,13256,98,-56
4,13555,13402,105,-57
4,13723,13561,115,-63
4,13899,13733,120,-70
4,14084,13904,129,-69
4,14276,14097,135,-80
4,14475,14294,134,-85
4,14681,14491,134,-83
4,14892,14692,144,-83
4,15108,14908,150,-91
4,15328,15118,156,-88
4,15552,15349,157,-99
4,15779,15575,153,-99
4,16007,15798,153,-95
4,16237,16026,155,-96
4,83,16257,156,-98
4,313,6750,-11506,-914
4,542,-5345,-5168,8242
4,770,-5181,3957,3745
4,994,1349,4449,-2803
4,1216,4194,-39,-3180
4,1433,2253,-2133,30
4,1646,282,-788,1545
4,1853,593,937,585
4,2054,2033,947,-653
4,2248,2690,61,-666
4,2435,2437,-315,-31
4,2613,2207,-18,237
4,2783,2425,287,45
4,2944,2840,271,-192
4,3095,3082,87,-181
4,3236,3136,12,-47
4,3366,3197,70,4
4,3484,3341,123,-36
4,3592,3499,113,-71
4,3687,3626,70,-69
4,3770,3701,46,-37
4,3841,3764,51,-19
4,3899,3836,56,-23
4,3943,3899,50,-25
4,3975,3950,33,-23
4,3994,3977,17,-10
4,3999,3988,13,0
4,3992,3988,13,5
4,3971,3988,9,0
4,3936,3971,-11,6
4,3889,3933,-28,17
4,3829,3872,-33,34
4,3756,3809,-33,37
4,3671,3741,-41,36
4,3573,3659,-54,39
4,3464,3556,-66,50
4,3343,3443,-73,58
4,3211,3319,-78,63
4,3068,3182,-81,70
4,2915,3042,-86,69
4,2753,2888,-95,75
4,2581,2726,-103,79
4,2401,2557,-114,81
4,2213,2365,-117,95
4,2018,2173,-114,97
4,1815,1982,-117,95
4,1607,1782,-127,97
4,1394,1569,-132,104
4,1176,1362,-138,101
4,954,1134,-140,112
4,728,913,-138,110
4,501,685,-139,113
4,272,457,-139,114
4,41,229,-139,113
4,16195,10,-147,105
4,15966,10229,11572,180
4,15737,21896,4667,-8263
4,15511,21186,-4182,-3358
4,15288,14654,-4264,2989
4,15068,12090,245,3076
4,14853,14014,2143,-17
4,14643,16023,704,-1522
4,14438,15616,-951,-497
4,14240,14193,-891,691
4,14050,13594,-11,652
4,13866,13863,326,24
4,13692,14075,34,-226
4,13526,13842,-273,-13
4,13369,13438,-239,208
4,13223,13217,-62,183
4,13087,13164,-3,61
4,12962,13100,-56,15
4,12849,12971,-106,44
4,12747,12809,-95,88
4,12657,12691,-50,81
4,12580,12622,-26,48
4,12515,12563,-31,33
4,12463,12500,-37,34
4,12424,12441,-31,38
4,12398,12399,-18,34
4,12385,12373,-1,26
4,12386,12370,0,15
4,12400,12370,2,15
4,12427,12378,20,12
4,12467,12411,36,-2
4,12520,12459,41,-12
4,12586,12516,44,-18
4,12665,12578,53,-18
4,12756,12659,64,-26
4,12859,12755,72,-35
4,12973,12853,82,-35
4,13099,12973,89,-44
4,13236,13104,93,-51
4,13383,13242,97,-54
4,13541,13384,107,-54
4,13707,13545,117,-62
4,13883,13711,124,-66
4,14067,13893,129,-74
4,14258,14082,130,-80
4,14457,14273,130,-80
4,14662,14468,138,-80
4,14872,14678,144,-88
4,15088,14882,151,-85
4,15308,15106,154,-95
4,15532,15327,153,-95
4,15758,15553,154,-98
4,15986,15778,153,-96
4,16216,16006,155,-97
4,62,16228,162,-93
4,292,6008,-11559,-166
4,522,-5662,-4651,8280
4,749,-4952,4198,3375
4,974,1585,4283,-2977
4,1196,4150,-228,-3062
4,1413,2227,-2126,32
4,1626,223,-687,1534
4,1834,630,968,512
4,2036,2055,909,-675
4,2230,2659,29,-637
4,2418,2395,-307,-11
4,2597,2187,-14,238
4,2768,2428,292,23
4,2930,2837,256,-197
4,3082,3063,80,-173
4,3223,3119,19,-46
4,3354,3185,74,1
4,3474,3327,127,-36
4,3582,3497,109,-77
4,3679,3614,67,-65
4,3763,3691,48,-36
4,3835,3754,56,-19
4,3894,3833,59,-27
4,3940,3900,48,-30
4,3973,3947,28,-21
4,3993,3968,20,-5
4,4000,3988,15,-2
4,3993,3988,15,5
4,3973,3988,11,0
4,3940,3975,-10,3
4,3894,3936,-27,18
4,3835,3876,-31,34
4,3763,3815,-30,35
4,3679,3752,-40,31
4,3582,3670,-57,38
4,3474,3567,-70,50
4,3354,3447,-70,62
4,3223,3327,-70,62
4,3082,3201,-79,62
4,2930,3060,-90,67
4,2768,2901,-99,79
4,2597,2745,-106,76
4,2418,2567,-112,86
4,2230,2384,-114,91
4,2036,2193,-115,95
4,1834,2000,-118,95
4,1626,1801,-126,96
4,1413,1597,-137,98
4,1196,1374,-139,109
4,974,1153,-135,111
4,749,934,-135,108
4,522,712,-142,108
4,292,481,-143,113
4,62,258,-149,109
4,16216,18,-148,118
4,15986,10242,11580,184
4,15758,21921,4671,-8270
4,15532,21211,-4183,-3361
4,15308,14674,-4268,2992
4,15088,12095,45,3191
4,14872,14024,2143,-7
4,14662,16039,710,-1522
4,14457,15639,-952,-501
4,14258,14214,-893,690
4,14067,13612,-12,652
4,13883,13860,323,46
4,13707,14085,30,-217
4,13541,13856,-271,-13
4,13383,13454,-239,207
4,13236,13230,-64,185
4,13099,13176,-1,61
4,12973,13117,-55,10
4,12859,12973,-106,53
4,12756,12816,-87,87
4,12665,12706,-48,74
4,12586,12632,-30,48
4,12520,12570,-35,34
4,12467,12510,-42,31
4,12427,12440,-33,44
4,12400,12398,-10,34
4,12386,12380,2,19
4,12385,12380,2,5
4,12398,12380,2,4
4,12424,12380,6,15
4,12463,12397,31,12
4,12515,12451,47,-11
4,12580,12513,47,-21
4,12657,12576,50,-21
4,12747,12652,58,-24
4,12849,12736,72,-25
4,12962,12848,82,-40
4,13087,12966,84,-46
4,13223,13088,90,-46
4,13369,13225,101,-52
4,13526,13376,108,-61
4,13692,13528,115,-59
4,13866,13700,122,-69
4,14050,13879,124,-75
4,14240,14061,128,-75
4,14438,14253,133,-79
4,14643,14451,138,-82
4,14853,14647,148,-78
4,15068,14868,156,-93
4,15288,15091,152,-99
4,15511,15310,148,-96
4,15737,15528,151,-92
4,15966,15754,156,-95
4,16195,15976,164,-92
4,41,16216,165,-103
4,272,5995,-11565,-171
4,501,-5685,-4657,8286
4,728,-4976,4197,3379
4,954,1561,4284,-2975
4,1176,4145,-28,-3177
4,1394,2219,-2127,21
4,1607,205,-694,1536
4,1815,607,969,516
4,2018,2036,912,-677
4,2213,2644,29,-640
4,2401,2397,-306,-31
4,2581,2175,-12,232
4,2753,2415,289,22
4,2915,2820,254,-194
4,3068,3046,80,-171
4,3211,3103,22,-46
4,3343,3169,78,3
4,3464,3323,128,-44
4,3573,3490,106,-79
4,3671,3603,65,-62
4,3756,3680,51,-34
4,3829,3752,55,-23
4,3889,3826,58,-26
4,3936,3893,47,-27
4,3971,3942,30,-21
4,3992,3963,24,-4
4,3999,3984,22,-3
4,3994,3995,9,0
4,3975,3984,-1,11
4,3943,3963,-7,16
4,3899,3933,-14,17
4,3841,3892,-26,20
4,3770,3831,-40,30
4,3687,3752,-46,41
4,3592,3672,-52,41
4,3484,3572,-60,50
4,3366,3461,-66,56
4,3236,3343,-71,59
4,3095,3211,-81,66
4,2944,3070,-89,70
4,2783,2921,-99,73
4,2613,2752,-104,83
4,2435,2578,-105,88
4,2248,2401,-108,88
4,2054,2216,-116,90
4,1853,2020,-123,96
4,1646,1826,-132,93
4,1433,1607,-136,107
4,1216,1390,-131,109
4,994,1176,-132,106
4,770,956,-139,108
4,542,728,-141,113
4,313,507,-146,108
4,83,269,-147,118
4,16237,36,-140,117
4,16007,10269,11581,178
4,15779,21945,4668,-8272
4,15552,21232,-4186,-3360
4,15328,14959,-4444,2815
4,15108,12101,46,3204
4,14892,14041,2153,-9
4,14681,16066,713,-1530
4,14475,15666,-958,-506
4,14276,14227,-899,698
4,14084,13623,-51,679
4,13899,13868,327,53
4,13723,14103,38,-223
4,13555,13875,-272,-16
4,13397,13470,-241,206
4,13249,13244,-66,186
4,13111,13189,-3,62
4,12984,13124,-57,16
4,12868,12984,-105,53
4,12764,12826,-88,86
4,12672,12713,-51,77
4,12593,12638,-31,50
4,12526,12578,-36,33
4,12471,12507,-39,39
4,12430,12446,-29,40
4,12402,12405,-16,33
4,12386,12384,-6,21
4,12385,12368,4,16
4,12396,12368,4,15
4,12421,12378,19,9
4,12459,12408,30,-2
4,12509,12450,35,-8
4,12573,12500,43,-12
4,12649,12562,55,-16
4,12738,12640,66,-24
4,12839,12737,72,-35
4,12951,12839,77,-38
4,13075,12953,82,-43
4,13210,13074,91,-44
4,13356,13213,100,-53
4,13511,13356,110,-55
4,13676,13518,117,-65
4,13850,13689,117,-71
4,14033,13862,119,-71
4,14223,14041,127,-71
4,14420,14234,135,-78
4,14624,14425,145,-77
4,14834,14641,149,-91
4,15049,14856,143,-93
4,15268,15068,145,-91
4,15491,15285,150,-92
4,15717,15507,155,-93
4,15945,15729,162,-93
4,16174,15967,162,-103
4,20,16200,153,-102
4,251,5965,-11568,-161
4,480,-5712,-4652,8289
4,708,-4995,4204,3373
4,933,1279,4460,-2801
4,1156,4138,-30,-3190
4,1374,2202,-2136,22
4,1588,178,-697,1545
4,1797,582,974,519
4,1999,2021,916,-682
4,2196,2630,70,-666
4,2384,2389,-308,-39
4,2565,2159,-21,236
4,2738,2393,289,28
4,2901,2802,260,-194
4,3055,3035,83,-175
4,3198,3091,22,-47
4,3331,3160,78,-1
4,3453,3312,124,-43
4,3564,3473,106,-73
4,3662,3590,72,-62
4,3749,3671,56,-37
4,3823,3745,59,-25
4,3884,3824,57,-29
4,3933,3887,48,-27
4,3968,3939,32,-22
4,3990,3967,18,-8
4,3999,3984,13,0
4,3995,3984,13,9
4,3978,3984,13,5
4,3947,3976,-4,4
4,3903,3940,-21,18
4,3846,3889,-28,28
4,3777,3828,-33,35
4,3695,3768,-43,31
4,3601,3680,-55,43
4,3495,3579,-60,52
4,3377,3475,-66,53
4,3248,3355,-74,59
4,3108,3223,-80,65
4,2958,3088,-91,66
4,2798,2928,-98,79
4,2629,2766,-99,82
4,2451,2598,-103,83
4,2265,2421,-111,86
4,2072,2231,-118,93
4,1871,2042,-124,92
4,1665,1835,-129,101
4,1453,1625,-128,104
4,1236,1413,-130,105
4,1015,1197,-134,106
4,790,977,-140,108
4,563,755,-147,109
4,334,518,-145,118
4,104,286,-138,117
4,16258,63,-138,110
4,16028,10295,11578,174
4,15799,21968,4665,-8272
4,15573,21511,-3954,-3735
4,15348,14967,-4440,2826
4,15128,12119,55,3202
4,14911,14066,2153,-14
4,14700,16087,707,-1529
4,14494,15678,-958,-499
4,14294,14301,-934,660
4,14101,13638,-51,682
4,13916,13883,329,54
4,13739,14122,37,-224
4,13570,13891,-274,-15
4,13411,13484,-243,208
4,13262,13263,-78,187
4,13123,13195,-5,70
4,12995,13131,-53,19
4,12879,12996,-101,50
4,12773,12838,-90,86
4,12680,12723,-53,77
4,12599,12649,-36,49
4,12531,12581,-39,38
4,12476,12509,-38,41
4,12433,12450,-26,39
4,12404,12409,-16,32
4,12387,12388,-8,20
4,12384,12368,-1,20
4,12394,12368,2,15
4,12418,12376,18,9
4,12455,12397,31,6
4,12504,12439,43,-5
4,12567,12500,48,-20
4,12642,12560,52,-19
4,12730,12637,59,-24
4,12829,12726,69,-30
4,12941,12827,77,-36
4,13064,12942,83,-42
4,13198,13064,91,-45
4,13342,13196,102,-49
4,13497,13349,108,-61
4,13661,13506,109,-63
4,13834,13668,117,-65
4,14016,13844,123,-71
4,14205,14026,128,-74
4,14402,14210,138,-74
4,14605,14414,143,-83
4,14814,14622,143,-88
4,15029,14832,143,-89
4,15248,15045,147,-89
4,15470,15264,153,-92
4,15696,15481,160,-91
4,15924,15717,162,-102
4,16153,15950,153,-102
4,0,16171,153,-94
4,230,5941,-11561,-160
4,459,-5729,-4648,8283
4,687,-5274,3967,3750
4,913,1268,4457,-2809
4,1136,4117,-37,-3185
4,1354,2176,-2134,27
4,1569,159,-693,1542
4,1778,567,975,515
4,1981,1948,952,-646
4,2178,2616,69,-669
4,2368,2373,-311,-39
4,2549,2143,-20,235
4,2722,2376,289,29
4,2887,2786,260,-194
4,3041,3015,97,-176
4,3186,3087,24,-58
4,3320,3155,71,-4
4,3442,3299,121,-39
4,3554,3460,109,-72
4,3654,3585,71,-66
4,3741,3661,56,-35
4,3816,3740,58,-28
4,3879,3817,55,-28
4,3929,3880,48,-25
4,3965,3934,34,-22
4,3989,3965,21,-10
4,3999,3985,16,-4
4,3996,3992,15,0
4,3980,3992,9,0
4,3950,3980,-8,4
4,3908,3942,-22,19
4,3852,3893,-26,28
4,3784,3836,-33,33
4,3703,3769,-40,35
4,3610,3687,-49,41
4,3505,3591,-58,48
4,3388,3484,-66,54
4,3260,3364,-72,60
4,3121,3240,-82,61
4,2972,3098,-92,69
4,2813,2941,-94,78
4,2645,2782,-96,79
4,2468,2616,-105,82
4,2282,2438,-111,86
4,2089,2256,-123,88
4,1890,2054,-127,99
4,1684,1849,-125,104
4,1472,1647,-126,100
4,1255,1434,-131,104
4,1035,1216,-135,107
4,811,1005,-143,102
4,584,769,-147,116
4,355,536,-138,117
4,125,315,-138,109
4,16279,86,-142,110
4,16049,10313,11578,177
4,15820,21695,5180,-8236
4,15593,21521,-3953,-3724
4,15369,14984,-4434,2826
4,15148,12145,59,3195
4,14931,14091,2150,-18
4,14719,16106,704,-1527
4,14512,15757,-921,-577
4,14312,14311,-937,670
4,14118,13651,-47,685
4,13932,13903,330,50
4,13754,14136,36,-222
4,13585,13907,-274,-16
4,13425,13516,-256,197
4,13275,13270,-78,194
4,13135,13206,-1,70
4,13006,13147,-51,14
4,12889,13012,-105,47
4,12782,12851,-95,86
4,12688,12732,-58,79
4,12606,12653,-37,54
4,12537,12590,-39,36
4,12480,12515,-39,42
4,12436,12455,-28,39
4,12406,12413,-19,33
4,12388,12384,-6,25
4,12384,12370,6,15
4,12393,12370,6,11
4,12415,12382,16,3
4,12451,12403,23,1
4,12499,12440,33,-5
4,12561,12486,44,-9
4,12635,12548,57,-15
4,12721,12630,65,-27
4,12820,12723,67,-35
4,12930,12820,71,-35
4,13052,12923,84,-35
4,13185,13048,99,-45
4,13329,13190,103,-56
4,13482,13336,103,-58
4,13646,13489,108,-61
4,13818,13651,118,-64
4,13999,13827,124,-71
4,14188,14001,134,-69
4,14384,14200,141,-82
4,14586,14401,139,-86
4,14795,14602,140,-86
4,15009,14810,144,-87
4,15228,15026,149,-91
4,15450,15236,158,-87
4,15675,15471,160,-101
4,15903,15700,153,-101
4,16133,15921,153,-94
4,16363,16150,157,-95
4,209,16384,159,-100
4,438,6882,-11507,-919
4,667,-5220,-5172,8244
4,893,-5059,3957,3748
4,1115,1471,4450,-2803
4,1335,4316,-40,-3181
4,1550,2371,-2135,32
4,1759,398,-787,1546
4,1963,708,935,584
4,2160,2142,943,-650
4,2351,2795,57,-663
4,2533,2538,-315,-29
4,2707,2307,-19,236
4,2872,2518,283,48
4,3027,2928,267,-189
4,3173,3163,83,-177
4,3308,3213,10,-45
4,3432,3270,68,4
4,3544,3406,119,-33
4,3645,3558,109,-68
4,3734,3678,67,-66
4,3810,3749,41,-35
4,3874,3806,44,-18
4,3925,3868,50,-19
4,3962,3927,41,-22
4,3987,3964,29,-16
4,3999,3985,18,-7
4,3997,3993,13,0
4,3982,3993,9,0
4,3953,3981,-7,5
4,3912,3944,-20,19
4,3858,3904,-27,22
4,3791,3843,-35,33
4,3711,3773,-39,38
4,3619,3694,-46,40
4,3515,3600,-55,47
4,3399,3497,-66,51
4,3272,3382,-77,56
4,3134,3245,-82,68
4,2986,3105,-84,71
4,2828,2959,-90,72
4,2660,2800,-100,78
4,2484,2628,-105,85
4,2300,2457,-114,84
4,2107,2264,-119,96
4,1908,2067,-119,100
4,1703,1870,-119,98
4,1491,1670,-127,97
4,1275,1454,-134,104
4,1055,1244,-141,102
4,831,1013,-142,113
4,605,786,-138,114
4,376,565,-138,109
4,146,336,-142,111
4,16300,105,-143,113
4,16070,9609,11520,931
4,15841,21706,5184,-8228
4,15614,21542,-3942,-3730
4,15389,15012,-4434,2819
4,15168,12167,54,3195
4,14950,14108,2149,-14
4,14738,16080,802,-1531
4,14531,15768,-923,-568
4,14330,14327,-931,670
4,14135,13671,-44,681
4,13949,13926,328,45
4,13770,14152,31,-218
4,13600,13935,-270,-30
4,13439,13523,-255,205
4,13288,13281,-72,194
4,13148,13222,3,65
4,13018,13163,-53,12
4,12899,13023,-106,48
4,12792,12867,-101,83
4,12696,12737,-59,85
4,12613,12659,-34,54
4,12543,12596,-37,36
4,12485,12524,-39,39
4,12440,12462,-32,39
4,12408,12414,-18,35
4,12389,12385,-4,25
4,12384,12372,4,15
4,12392,12372,4,10
4,12413,12372,10,15
4,12447,12391,28,8
4,12494,12430,42,-4
4,12554,12490,46,-19
4,12627,12552,46,-21
4,12713,12615,57,-16
4,12810,12707,71,-29
4,12920,12809,77,-37
4,13041,12918,84,-40
4,13172,13040,92,-45
4,13315,13177,97,-53
4,13468,13318,104,-55
4,13630,13475,113,-63
4,13802,13638,116,-66
4,13982,13805,126,-66
4,14170,13995,132,-79
4,14366,14188,129,-82
4,14568,14380,132,-80
4,14776,14579,140,-81
4,14989,14792,146,-89
4,15208,14999,153,-86
4,15430,15227,155,-96
4,15655,15450,152,-96
4,15882,15673,154,-95
4,16112,15901,156,-97
4,16342,16132,157,-98
4,188,16354,164,-94
4,418,6135,-11558,-168
4,646,-5535,-4651,8279
4,872,-4825,4197,3373
4,1095,1707,4279,-2974
4,1315,4271,-230,-3061
4,1530,2347,-2128,32
4,1740,338,-689,1537
4,1945,745,966,512
4,2143,2168,906,-676
4,2334,2767,26,-637
4,2517,2499,-310,-10
4,2692,2287,-19,240
4,2857,2520,288,28
4,3014,2923,253,-192
4,3160,3144,76,-168
4,3296,3196,17,-44
4,3421,3260,71,1
4,3535,3389,122,-29
4,3636,3554,110,-74
4,3726,3670,64,-66
4,3804,3738,42,-33
4,3869,3799,48,-19
4,3921,3862,53,-19
4,3960,3921,47,-23
4,3985,3967,28,-21
4,3998,3984,12,-5
4,3998,3984,12,8
4,3984,3984,12,8
4,3957,3984,1,0
4,3916,3955,-19,12
4,3863,3904,-29,27
4,3797,3844,-30,34
4,3719,3782,-37,34
4,3628,3703,-47,40
4,3525,3609,-56,47
4,3410,3511,-68,48
4,3284,3389,-76,59
4,3147,3255,-79,69
4,3000,3117,-81,71
4,2843,2975,-90,70
4,2676,2816,-100,77
4,2500,2651,-110,80
4,2317,2469,-115,89
4,2125,2278,-114,96
4,1927,2088,-115,95
4,1722,1893,-123,96
4,1511,1686,-129,101
4,1295,1481,-138,99
4,1075,1253,-140,112
4,852,1032,-136,111
4,625,812,-136,108
4,397,586,-141,110
4,167,355,-142,113
4,16321,133,-149,109
4,16091,10352,11573,183
4,15862,22022,4666,-8264
4,15634,21312,-4183,-3358
4,15409,14776,-4267,2992
4,15188,12211,243,3077
4,14970,14134,2142,-17
4,14757,16138,702,-1519
4,14549,15731,-953,-497
4,14348,14306,-894,690
4,14153,13703,-13,652
4,13965,13968,321,25
4,13786,14175,27,-223
4,13615,13932,-279,-6
4,13454,13523,-242,213
4,13302,13299,-63,187
4,13160,13244,-5,61
4,13029,13176,-62,15
4,12909,13033,-111,52
4,12801,12865,-94,91
4,12704,12746,-52,81
4,12620,12670,-33,51
4,12548,12607,-41,34
4,12489,12528,-44,42
4,12443,12461,-33,45
4,12410,12414,-13,36
4,12390,12393,-5,20
4,12384,12373,0,17
4,12390,12373,0,11
4,12410,12373,4,15
4,12443,12386,25,12
4,12489,12425,42,-3
4,12548,12485,46,-19
4,12620,12546,45,-20
4,12704,12609,55,-16
4,12801,12691,72,-23
4,12909,12794,85,-35
4,13029,12914,85,-47
4,13160,13034,85,-47
4,13302,13160,94,-47
4,13454,13302,106,-53
4,13615,13462,113,-64
4,13786,13617,119,-61
4,13965,13795,125,-71
4,14153,13977,128,-76
4,14348,14167,131,-79
4,14549,14362,134,-81
4,14757,14561,141,-82
4,14970,14764,151,-82
4,15188,14988,154,-95
4,15409,15209,150,-96
4,15634,15428,150,-94
4,15862,15650,155,-93
4,16091,15881,158,-98
4,16321,16103,164,-94
4,167,16343,163,-103
4,397,6119,-11565,-169
4,625,-5560,-4656,8285
4,852,-4850,4198,3376
4,1075,1687,4283,-2976
4,1295,4266,-30,-3176
4,1511,2337,-2128,22
4,1722,322,-695,1537
4,1927,723,968,515
4,2125,2148,909,-675
4,2317,2751,27,-639
4,2500,2502,-309,-30
4,2676,2276,-17,233
4,2843,2505,285,29
4,3000,2906,253,-189
4,3147,3130,79,-169
4,3284,3184,18,-46
4,3410,3245,72,3
4,3525,3390,121,-40
4,3628,3547,101,-72
4,3719,3656,61,-58
4,3797,3727,46,-31
4,3863,3790,52,-19
4,3916,3857,56,-22
4,3957,3919,46,-26
4,3984,3960,31,-18
4,3998,3981,20,-7
4,3998,3993,11,0
4,3985,3993,11,0
4,3960,3984,-5,4
4,3921,3950,-17,19
4,3869,3908,-22,24
4,3804,3855,-29,29
4,3726,3793,-40,31
4,3636,3711,-51,41
4,3535,3619,-58,46
4,3421,3515,-66,53
4,3296,3397,-71,60
4,3160,3271,-78,64
4,3014,3133,-82,68
4,2857,2991,-92,69
4,2692,2837,-106,73
4,2517,2659,-110,88
4,2334,2480,-107,91
4,2143,2301,-111,89
4,1945,2111,-118,91
4,1740,1912,-126,96
4,1530,1712,-134,95
4,1315,1492,-140,108
4,1095,1271,-135,112
4,872,1053,-133,109
4,646,834,-138,107
4,418,606,-141,111
4,188,384,-148,108
4,16342,145,-149,118
4,16112,10367,11579,186
4,15882,22046,4671,-8269
4,15655,21336,-4183,-3362
4,15430,14796,-4268,2993
4,15208,12217,45,3191
4,14989,14145,2141,-7
4,14776,16156,707,-1520
4,14568,15751,-953,-498
4,14366,14326,-895,690
4,14170,13721,-14,652
4,13982,13965,318,46
4,13802,14186,26,-217
4,13630,13946,-274,-7
4,13468,13541,-239,209
4,13315,13315,-65,186
4,13172,13258,-7,61
4,13041,13192,-63,12
4,12920,13039,-111,58
4,12810,12874,-92,92
4,12713,12758,-54,79
4,12627,12680,-36,51
4,12554,12608,-40,39
4,12494,12535,-41,40
4,12447,12472,-35,40
4,12413,12418,-18,38
4,12392,12390,-3,25
4,12384,12376,2,15
4,12389,12376,2,7
4,12408,12376,2,12
4,12440,12384,22,13
4,12485,12422,41,-2
4,12543,12481,46,-19
4,12613,12542,44,-21
4,12696,12601,55,-15
4,12792,12682,71,-21
4,12899,12785,84,-35
4,13018,12904,84,-47
4,13148,13023,84,-47
4,13288,13146,95,-45
4,13439,13282,109,-48
4,13600,13440,116,-59
4,13770,13611,119,-70
4,13949,13784,118,-73
4,14135,13959,122,-71
4,14330,14142,132,-73
4,14531,14333,145,-75
4,14738,14540,148,-83
4,14950,14757,148,-93
4,15168,14971,143,-92
4,15389,15184,147,-89
4,15614,15404,155,-92
4,15841,15626,162,-93
4,16070,15856,160,-95
4,16300,16091,161,-101
4,146,16325,155,-102
4,376,6092,-11566,-163
4,605,-5584,-4653,8287
4,831,-5131,3969,3752
4,1055,1404,4457,-2801
4,1275,4256,-33,-3184
4,1491,2318,-2135,25
4,1703,297,-696,1542
4,1908,701,972,516
4,2107,2076,952,-644
4,2300,2736,68,-663
4,2484,2492,-309,-37
4,2660,2259,-23,237
4,2828,2487,286,30
4,2986,2891,256,-191
4,3134,3112,92,-172
4,3272,3172,18,-47
4,3399,3237,72,-1
4,3515,3377,120,-38
4,3619,3535,103,-71
4,3711,3648,66,-62
4,3791,3721,49,-34
4,3858,3783,52,-18
4,3912,3855,54,-24
4,3953,3915,43,-24
4,3982,3956,30,-18
4,3997,3977,21,-5
4,3999,3993,12,-2
4,3987,3993,11,1
4,3962,3983,-4,6
4,3925,3953,-15,17
4,3874,3911,-20,24
4,3810,3861,-28,27
4,3734,3802,-41,29
4,3645,3721,-51,39
4,3544,3624,-57,50
4,3432,3522,-62,53
4,3308,3408,-67,58
4,3173,3287,-76,59
4,3027,3154,-89,64
4,2872,3005,-95,70
4,2707,2843,-102,80
4,2533,2672,-102,86
4,2351,2499,-104,86
4,2160,2321,-111,86
4,1963,2136,-124,86
4,1759,1937,-131,92
4,1550,1720,-135,107
4,1335,1505,-128,109
4,1115,1295,-128,104
4,893,1079,-136,104
4,667,862,-146,104
4,438,633,-146,107
4,209,395,-147,117
4,16363,162,-140,117
4,16133,10395,11581,178
4,15903,22071,4668,-8272
4,15675,21618,-3954,-3738
4,15450,15082,-4444,2815
4,15228,12224,46,3203
4,15009,14161,2150,-8
4,14795,16182,710,-1528
4,14586,15777,-958,-503
4,14384,14395,-940,661
4,14188,13732,-53,679
4,13999,13975,323,52
4,13818,14201,32,-218
4,13646,13966,-272,-12
4,13482,13561,-241,206
4,13329,13337,-79,185
4,13185,13272,-9,62
4,13052,13197,-64,20
4,12930,13047,-107,59
4,12820,12888,-89,87
4,12721,12772,-55,76
4,12635,12694,-44,49
4,12561,12617,-44,40
4,12499,12538,-42,44
4,12451,12475,-34,41
4,12415,12422,-17,38
4,12393,12394,-3,23
4,12384,12377,2,15
4,12388,12377,2,6
4,12406,12377,2,10
4,12436,12385,20,11
4,12480,12421,36,-3
4,12537,12472,43,-13
4,12606,12530,50,-18
4,12688,12593,58,-16
4,12782,12681,70,-28
4,12889,12782,75,-37
4,13006,12892,80,-43
4,13135,13009,84,-45
4,13275,13127,99,-41
4,13425,13269,110,-49
4,13585,13431,118,-65
4,13754,13600,115,-72
4,13932,13766,115,-69
4,14118,13940,123,-69
4,14312,14118,137,-68
4,14512,14317,144,-77
4,14719,14530,146,-91
4,14931,14740,141,-91
4,15148,14948,142,-88
4,15369,15164,149,-90
4,15593,15376,161,-87
4,15820,15605,161,-92
4,16049,15842,161,-102
4,16279,16074,155,-102
4,125,16300,153,-97
4,355,6067,-11564,-160
4,584,-5317,-5166,8255
4,811,-5151,3970,3750
4,1035,1393,4458,-2811
4,1255,4243,-41,-3187
4,1472,2294,-2138,30
4,1684,275,-691,1543
4,1890,624,936,592
4,2089,2061,949,-645
4,2282,2723,65,-666
4,2468,2477,-314,-38
4,2645,2238,-21,241
4,2813,2472,290,28
4,2972,2863,269,-184
4,3121,3100,91,-173
4,3260,3164,18,-52
4,3388,3228,69,-2
4,3505,3363,118,-34
4,3610,3523,108,-72
4,3703,3636,71,-61
4,3784,3713,50,-35
4,3852,3776,55,-19
4,3908,3852,54,-27
4,3950,3912,42,-25
4,3980,3953,30,-18
4,3996,3973,23,-4
4,3999,3992,14,-3
4,3989,3992,14,0
4,3965,3985,-2,5
4,3929,3964,-16,9
4,3879,3922,-27,21
4,3816,3864,-34,32
4,3741,3802,-38,33
4,3654,3723,-45,41
4,3554,3640,-54,41
4,3442,3537,-66,50
4,3320,3419,-71,59
4,3186,3302,-80,58
4,3041,3166,-87,64
4,2887,3012,-95,77
4,2722,2853,-95,82
4,2549,2692,-99,80
4,2368,2519,-108,84
4,2178,2345,-119,83
4,1981,2151,-126,90
4,1778,1943,-128,102
4,1569,1736,-124,104
4,1354,1534,-127,99
4,1136,1318,-135,104
4,913,1107,-144,101
4,687,879,-145,107
4,459,644,-146,116
4,230,412,-140,117
4,0,187,-138,112
4,16153,-41,-140,111
4,15924,9467,11520,926
4,15696,21561,5181,-8227
4,15470,21397,-3944,-3729
4,15248,14867,-4433,2820
4,15029,12026,57,3194
4,14814,13971,2150,-17
4,14605,15944,802,-1531
4,14402,15634,-920,-569
4,14205,14200,-928,666
4,14016,13548,-41,678
4,13834,13805,332,45
4,13661,14044,34,-227
4,13497,13829,-271,-32
4,13342,13417,-252,206
4,13198,13183,-66,192
4,13064,13136,8,58
4,12941,13083,-52,7
4,12829,12948,-106,46
4,12730,12793,-97,85
4,12642,12672,-49,83
4,12567,12606,-24,48
4,12504,12550,-30,32
4,12455,12488,-35,34
4,12418,12430,-24,37
4,12394,12395,-12,29
4,12384,12374,-2,21
4,12387,12368,2,15
4,12404,12368,8,15
4,12433,12383,24,9
4,12476,12422,35,-6
4,12531,12462,42,-7
4,12599,12523,52,-18
4,12680,12597,55,-25
4,12773,12676,61,-26
4,12879,12770,70,-32
4,12995,12873,82,-35
4,13123,12989,94,-41
4,13262,13128,99,-54
4,13411,13269,100,-57
4,13570,13417,105,-58
4,13739,13576,115,-63
4,13916,13748,121,-69
4,14101,13919,130,-68
4,14294,14114,136,-81
4,14494,14311,136,-85
4,14700,14509,137,-83
4,14911,14712,144,-84
4,15128,14928,149,-91
4,15348,15137,156,-87
4,15573,15368,157,-98
4,15799,15597,154,-101
4,16028,15818,153,-95
4,16258,16046,156,-96
4,104,16277,158,-98
4,334,6773,-11505,-916
4,563,-5324,-5169,8243
4,790,-5160,3957,3745
4,1015,1370,4449,-2804
4,1236,4215,-39,-3180
4,1453,2274,-2134,29
4,1665,302,-789,1546
4,1871,612,936,585
4,2072,2051,946,-653
4,2265,2708,60,-666
4,2451,2454,-315,-31
4,2629,2224,-18,236
4,2798,2441,286,45
4,2958,2854,270,-191
4,3108,3096,86,-181
4,3248,3150,10,-47
4,3377,3208,70,5
4,3495,3352,123,-36
4,3601,3510,113,-71
4,3695,3635,68,-68
4,3777,3709,45,-36
4,3846,3771,50,-19
4,3903,3841,55,-22
4,3947,3904,48,-25
4,3978,3953,32,-22
4,3995,3979,16,-9
4,3999,3988,15,0
4,3990,3988,15,4
4,3968,3988,5,0
4,3933,3969,-14,6
4,3884,3930,-29,18
4,3823,3868,-35,34
4,3749,3805,-36,36
4,3662,3730,-41,40
4,3564,3648,-53,41
4,3453,3546,-65,51
4,3331,3433,-73,57
4,3198,3305,-77,65
4,3055,3170,-80,68
4,2901,3029,-87,70
4,2738,2873,-96,76
4,2565,2711,-104,79
4,2384,2540,-114,82
4,2196,2348,-117,95
4,2000,2156,-114,97
4,1797,1964,-117,95
4,1588,1764,-127,97
4,1374,1551,-133,104
4,1156,1342,-139,102
4,933,1114,-141,113
4,708,888,-138,114
4,480,667,-137,110
4,251,440,-140,110
4,20,209,-141,113
4,16174,-13,-148,107
4,15945,10206,11574,181
4,15717,21877,4666,-8265
4,15491,21167,-4183,-3358
4,15268,14633,-4266,2991
4,15049,12069,246,3076
4,14834,13996,2145,-19
4,14624,16006,705,-1524
4,14420,15600,-955,-498
4,14223,14175,-894,692
4,14033,13574,-10,654
4,13850,13849,327,21
4,13676,14059,32,-225
4,13511,13824,-272,-12
4,13356,13423,-237,207
4,13210,13204,-60,182
4,13075,13153,-1,58
4,12951,13090,-57,14
4,12839,12957,-107,48
4,12738,12797,-91,88
4,12649,12686,-48,76
4,12573,12616,-29,48
4,12509,12555,-32,34
4,12459,12492,-36,35
4,12421,12435,-27,38
4,12396,12396,-13,32
4,12385,12375,-1,22
4,12386,12370,0,15
4,12402,12370,2,15
4,12430,12378,22,13
4,12471,12414,37,-2
4,12526,12464,42,-14
4,12593,12522,44,-18
4,12672,12584,54,-18
4,12764,12665,66,-26
4,12868,12763,73,-35
4,12984,12862,82,-35
4,13111,12983,91,-44
4,13249,13117,94,-53
4,13397,13255,98,-55
4,13555,13401,106,-57
4,13723,13561,115,-63
4,13899,13726,125,-65
4,14084,13908,130,-74
4,14276,14099,130,-80
4,14475,14291,132,-81
4,14681,14488,138,-82
4,14892,14695,144,-86
4,15108,14900,153,-84
4,15328,15128,155,-97
4,15552,15349,151,-96
4,15779,15569,152,-93
4,16007,15797,156,-96
4,16237,16028,157,-99
4,83,16250,162,-94
4,313,6030,-11560,-167
4,542,-5642,-4651,8281
4,770,-4932,4198,3375
4,994,1605,4283,-2976
4,1216,4170,-228,-3062
4,1433,2247,-2126,32
4,1646,243,-687,1534
4,1853,650,968,512
4,2054,2075,908,-676
4,2248,2677,28,-637
4,2435,2412,-306,-11
4,2613,2205,-13,237
4,2783,2445,291,23
4,2944,2851,256,-196
4,3095,3077,80,-173
4,3236,3132,18,-46
4,3366,3197,75,2
4,3484,3340,126,-37
4,3592,3508,107,-77
4,3687,3622,66,-63
4,3770,3699,48,-36
4,3841,3762,54,-19
4,3899,3839,57,-26
4,3943,3899,50,-25
4,3975,3951,31,-23
4,3994,3972,20,-7
4,3999,3989,12,-1
4,3992,3989,12,4
4,3971,3989,7,0
4,3936,3972,-12,5
4,3889,3932,-29,19
4,3829,3871,-32,34
4,3756,3809,-32,36
4,3671,3746,-42,31
4,3573,3655,-56,44
4,3464,3557,-66,49
4,3343,3439,-71,61
4,3211,3318,-74,62
4,3068,3186,-80,65
4,2915,3044,-90,69
4,2753,2885,-98,79
4,2581,2729,-105,77
4,2401,2551,-111,86
4,2213,2369,-115,90
4,2018,2177,-117,95
4,1815,1981,-120,97
4,1607,1781,-127,98
4,1394,1578,-136,97
4,1176,1354,-139,110
4,954,1133,-135,111
4,728,914,-135,108
4,501,690,-141,109
4,272,459,-142,113
4,41,237,-147,109
4,16195,-2,-149,118
4,15966,10220,11579,186
4,15737,21902,4672,-8272
4,15511,21191,-4184,-3362
4,15288,14652,-4267,2993
4,15068,12074,48,3190
4,14853,14006,2143,-9
4,14643,16021,710,-1523
4,14438,15620,-953,-500
4,14240,14195,-894,690
4,14050,13592,-12,654
4,13866,13845,324,43
4,13692,14070,29,-218
4,13526,13840,-271,-12
4,13369,13439,-238,206
4,13223,13218,-62,182
4,13087,13165,-3,60
4,12962,13104,-57,12
4,12849,12961,-105,54
4,12747,12804,-85,88
4,12657,12697,-44,72
4,12580,12628,-31,45
4,12515,12565,-37,34
4,12463,12500,-40,35
4,12424,12438,-31,41
4,12398,12398,-14,33
4,12385,12377,-2,22
4,12386,12369,2,15
4,12400,12369,4,15
4,12427,12378,21,12
4,12467,12414,34,-4
4,12520,12456,39,-8
4,12586,12514,47,-17
4,12665,12577,55,-18
4,12756,12659,64,-26
4,12859,12751,74,-32
4,12973,12859,80,-40
4,13099,12976,84,-45
4,13236,13098,92,-45
4,13383,13238,102,-53
4,13541,13390,107,-60
4,13707,13542,116,-59
4,13883,13717,121,-70
4,14067,13895,125,-74
4,14258,14077,129,-74
4,14457,14271,136,-81
4,14662,14470,140,-83
4,14872,14669,148,-81
4,15088,14888,153,-92
4,15308,15109,150,-96
4,15532,15327,149,-93
4,15758,15548,155,-93
4,15986,15779,156,-99
4,16216,16000,161,-94
4,62,16238,162,-103
4,292,6014,-11565,-169
4,522,-5665,-4656,8285
4,749,-4954,4199,3377
4,974,1586,4283,-2978
4,1196,4165,-30,-3176
4,1413,2237,-2126,22
4,1626,225,-693,1535
4,1834,629,967,514
4,2036,2054,910,-675
4,2230,2659,29,-637
4,2418,2415,-304,-33
4,2597,2193,-13,232
4,2768,2431,287,23
4,2930,2833,254,-192
4,3082,3059,81,-169
4,3223,3118,22,-47
4,3354,3182,76,3
4,3474,3333,127,-42
4,3582,3499,106,-78
4,3679,3612,65,-62
4,3763,3689,50,-35
4,3835,3759,54,-23
4,3894,3831,57,-24
4,3940,3899,48,-29
4,3973,3946,29,-20
4,3993,3967,22,-5
4,4000,3988,17,-3
4,3993,3994,13,0
4,3973,3987,-1,7
4,3940,3966,-10,12
4,3894,3927,-18,22
4,3835,3885,-26,22
4,3763,3824,-39,31
4,3679,3745,-45,41
4,3582,3666,-54,40
4,3474,3564,-64,50
4,3354,3448,-68,60
4,3223,3328,-72,62
4,3082,3199,-80,64
4,2930,3058,-89,69
4,2768,2908,-102,73
4,2597,2735,-104,85
4,2418,2561,-105,89
4,2230,2384,-108,88
4,2036,2199,-116,89
4,1834,2002,-123,96
4,1626,1806,-133,95
4,1413,1587,-136,107
4,1196,1370,-131,109
4,974,1156,-132,106
4,749,936,-139,108
4,522,708,-141,112
4,292,487,-146,108
4,62,249,-147,117
4,16216,14,-140,118
4,15986,10248,11582,177
4,15758,21926,4668,-8274
4,15532,21211,-4188,-3359
4,15308,14937,-4443,2817
4,15088,12082,48,3202
4,14872,14022,2152,-10
4,14662,16046,711,-1529
4,14457,15642,-957,-501
4,14258,14211,-896,694
4,14067,13607,-53,678
4,13883,13851,326,53
4,13707,14086,39,-222
4,13541,13859,-271,-16
4,13383,13457,-239,204
4,13236,13231,-65,185
4,13099,13177,-4,61
4,12973,13112,-57,16
4,12859,12972,-104,53
4,12756,12816,-87,87
4,12665,12706,-48,74
4,12586,12632,-30,48
4,12520,12573,-37,32
4,12467,12501,-39,39
4,12427,12441,-27,40
4,12400,12402,-13,32
4,12386,12381,-3,21
4,12385,12370,2,15
4,12398,12370,2,14
4,12424,12378,19,11
4,12463,12411,33,-3
4,12515,12453,38,-9
4,12580,12508,45,-15
4,12657,12571,54,-18
4,12747,12648,65,-23
4,12849,12745,73,-34
4,12962,12848,78,-38
4,13087,12964,83,-43
4,13223,13086,91,-44
4,13369,13225,102,-53
4,13526,13370,109,-55
4,13692,13532,117,-64
4,13866,13705,119,-72
4,14050,13879,120,-73
4,14240,14058,127,-71
4,14438,14251,135,-78
4,14643,14443,146,-78
4,14853,14660,150,-92
4,15068,14876,144,-95
4,15288,15086,143,-89
4,15511,15302,151,-89
4,15737,15528,156,-95
4,15966,15750,162,-94
4,16195,15988,162,-103
4,41,16221,153,-102
4,272,5986,-11568,-161
4,501,-5691,-4652,8289
4,728,-4974,4204,3373
4,954,1300,4459,-2801
4,1176,4158,-31,-3188
4,1394,2221,-2135,23
4,1607,200,-696,1542
4,1815,604,972,517
4,2018,2041,912,-682
4,2213,2646,70,-663
4,2401,2405,-306,-39
4,2581,2179,-20,232
4,2753,2408,288,29
4,2915,2817,260,-194
4,3068,3050,82,-176
4,3211,3106,18,-47
4,3343,3173,75,1
4,3464,3323,124,-42
4,3573,3484,106,-73
4,3671,3600,70,-62
4,3756,3680,54,-36
4,3829,3752,57,-24
4,3889,3830,56,-29
4,3936,3892,46,-26
4,3971,3941,32,-21
4,3992,3970,19,-8
4,3999,3987,12,-1
4,3994,3987,12,6
4,3975,3987,12,1
4,3943,3976,-8,3
4,3899,3938,-25,18
4,3841,3882,-29,32
4,3770,3822,-30,34
4,3687,3762,-41,29
4,3592,3673,-56,42
4,3484,3571,-62,52
4,3366,3458,-65,59
4,3236,3341,-69,60
4,3095,3215,-79,61
4,2944,3079,-94,63
4,2783,2917,-103,79
4,2613,2747,-101,87
4,2435,2579,-101,85
4,2248,2404,-107,85
4,2054,2221,-119,87
4,1853,2029,-132,91
4,1646,1812,-133,108
4,1433,1600,-125,109
4,1216,1398,-127,99
4,994,1182,-136,102
4,770,956,-141,109
4,542,735,-146,108
4,313,498,-146,117
4,83,266,-140,117
4,16237,40,-138,112
4,16007,10273,11579,175
4,15779,21948,4666,-8274
4,15552,21491,-3955,-3734
4,15328,14947,-4442,2826
4,15108,12098,56,3202
4,14892,14047,2153,-15
4,14681,16068,707,-1529
4,14475,15659,-958,-499
4,14276,14282,-934,660
4,14084,13620,-50,681
4,13899,13866,329,54
4,13723,14105,37,-224
4,13555,13876,-274,-16
4,13397,13469,-243,208
4,13249,13248,-78,188
4,13111,13183,-3,68
4,12984,13121,-52,16
4,12868,12987,-101,48
4,12764,12829,-91,85
4,12672,12714,-54,77
4,12593,12640,-37,51
4,12526,12577,-39,36
4,12471,12505,-38,40
4,12430,12445,-27,40
4,12402,12405,-14,32
4,12386,12384,-5,21
4,12385,12369,4,15
4,12396,12369,4,14
4,12421,12379,18,8
4,12459,12400,31,6
4,12509,12442,45,-5
4,12573,12504,50,-20
4,12649,12564,55,-18
4,12738,12645,62,-27
4,12839,12735,69,-31
4,12951,12837,78,-37
4,13075,12953,83,-43
4,13210,13075,91,-45
4,13356,13208,104,-50
4,13511,13363,110,-62
4,13676,13522,110,-66
4,13850,13684,116,-66
4,14033,13859,122,-70
4,14223,14041,129,-72
4,14420,14227,141,-74
4,14624,14435,143,-86
4,14834,14643,141,-89
4,15049,14851,142,-88
4,15268,15064,148,-89
4,15491,15284,154,-93
4,15717,15503,160,-92
4,15945,15738,161,-101
4,16174,15970,155,-102
4,20,16195,153,-97
4,251,5962,-11564,-160
4,480,-5711,-4650,8287
4,708,-5254,3969,3750
4,933,1290,4458,-2811
4,1156,4140,-39,-3187
4,1374,2195,-2136,29
4,1588,178,-692,1542
4,1797,588,974,513
4,1999,1966,951,-644
4,2196,2634,69,-669
4,2384,2391,-311,-39
4,2565,2157,-21,238
4,2738,2392,290,28
4,2901,2803,260,-195
4,3055,3031,93,-176
4,3198,3099,20,-54
4,3331,3164,71,-1
4,3453,3308,123,-38
4,3564,3472,109,-73
4,3662,3595,70,-66
4,3749,3671,54,-36
4,3823,3747,57,-26
4,3884,3824,55,-28
4,3933,3886,47,-25
4,3968,3938,33,-21
4,3990,3968,20,-10
4,3999,3985,13,-1
4,3995,3985,13,8
4,3978,3985,13,4
4,3947,3977,-5,4
4,3903,3940,-22,18
4,3846,3888,-28,29
4,3777,3830,-34,33
4,3695,3762,-40,35
4,3601,3680,-51,41
4,3495,3582,-60,49
4,3377,3472,-65,56
4,3248,3354,-71,59
4,3108,3229,-83,61
4,2958,3083,-92,71
4,2798,2927,-92,77
4,2629,2768,-97,79
4,2451,2599,-105,83
4,2265,2421,-111,86
4,2072,2239,-123,88
4,1871,2037,-127,99
4,1665,1830,-126,104
4,1453,1625,-126,103
4,1236,1416,-129,102
4,1015,1200,-136,104
4,790,985,-146,103
4,563,747,-147,117
4,334,514,-138,118
4,104,293,-137,110
4,16258,65,-141,110
4,16028,10293,11578,176
4,15799,21675,5180,-8237
4,15573,21501,-3953,-3725
4,15348,14964,-4434,2826
4,15128,12125,59,3194
4,14911,14071,2150,-18
4,14700,16086,704,-1527
4,14494,15737,-920,-577
4,14294,14292,-936,670
4,14101,13633,-47,685
4,13916,13887,332,48
4,13739,14126,34,-227
4,13570,13888,-275,-11
4,13411,13498,-253,199
4,13262,13256,-75,193
4,13123,13197,1,65
4,12995,13137,-53,13
4,12879,13001,-106,47
4,12773,12839,-95,88
4,12680,12722,-56,79
4,12599,12645,-34,52
4,12531,12582,-37,36
4,12476,12512,-39,39
4,12433,12451,-29,40
4,12404,12409,-18,33
4,12387,12382,-4,24
4,12384,12370,4,15
4,12394,12370,4,12
4,12418,12380,16,6
4,12455,12401,26,4
4,12504,12441,39,-5
4,12567,12496,47,-15
4,12642,12559,54,-19
4,12730,12638,60,-26
4,12829,12725,68,-29
4,12941,12826,77,-35
4,13064,12942,84,-43
4,13198,13059,95,-42
4,13342,13200,104,-54
4,13497,13351,105,-61
4,13661,13505,108,-62
4,13834,13667,116,-64
4,14016,13842,123,-69
4,14205,14016,135,-67
4,14402,14216,143,-82
4,14605,14421,140,-89
4,14814,14622,139,-86
4,15029,14828,143,-85
4,15248,15044,150,-90
4,15470,15255,159,-86
4,15696,15491,162,-102
4,15924,15722,153,-102
4,16153,15943,152,-95
4,0,16171,156,-96
4,230,5943,-11563,-161
4,459,-5439,-5165,8252
4,687,-5265,3968,3740
4,913,1273,4451,-2811
4,1136,4116,-42,-3182
4,1354,2171,-2133,32
4,1569,158,-689,1541
4,1778,510,938,590
4,1981,1958,954,-657
4,2178,2623,63,-673
4,2368,2371,-315,-35
4,2549,2141,-18,236
4,2722,2379,289,26
4,2887,2770,270,-183
4,3041,3019,95,-179
4,3186,3087,20,-56
4,3320,3152,71,-1
4,3442,3296,123,-37
4,3554,3462,109,-74
4,3654,3581,74,-64
4,3741,3666,55,-39
4,3816,3742,54,-28
4,3879,3814,54,-25
4,3929,3877,51,-23
4,3965,3934,37,-23
4,3989,3966,24,-13
4,3999,3986,15,-4
4,3996,3986,15,6
4,3980,3986,15,3
4,3950,3980,-4,2
4,3908,3944,-22,17
4,3852,3896,-28,26
4,3784,3835,-33,34
4,3703,3772,-42,33
4,3610,3690,-54,40
4,3505,3590,-61,51
4,3388,3482,-64,55
4,3260,3370,-73,55
4,3121,3234,-83,68
4,2972,3093,-87,72
4,2813,2942,-90,75
4,2645,2783,-98,79
4,2468,2614,-104,83
4,2282,2443,-114,82
4,2089,2248,-122,95
4,1890,2050,-121,100
4,1684,1853,-121,98
4,1472,1651,-130,98
4,1255,1434,-136,106
4,1035,1223,-142,103
4,811,992,-143,115
4,584,765,-137,115
4,355,545,-137,108
4,125,316,-142,110
4,16279,82,-144,115
4,16049,9584,11522,934
4,15820,21686,5187,-8230
4,15593,21525,-3944,-3733
4,15369,14993,-4437,2819
4,15148,12146,53,3197
4,14931,14087,2150,-14
4,14719,16060,804,-1531
4,14512,15750,-921,-570
4,14312,14311,-932,667
4,14118,13654,-46,681
4,13932,13907,330,46
4,13754,14137,33,-221
4,13585,13920,-271,-30
4,13425,13507,-255,206
4,13275,13265,-71,196
4,13135,13211,5,62
4,13006,13153,-55,10
4,12889,13009,-108,51
4,12782,12853,-98,85
4,12688,12726,-55,84
4,12606,12651,-31,53
4,12537,12588,-34,35
4,12480,12520,-39,37
4,12436,12457,-33,40
4,12406,12408,-17,37
4,12388,12382,-1,25
4,12384,12373,0,15
4,12393,12373,0,11
4,12415,12373,10,15
4,12451,12392,29,9
4,12499,12431,45,-2
4,12561,12493,50,-19
4,12635,12556,52,-21
4,12721,12632,56,-25
4,12820,12714,66,-26
4,12930,12815,78,-34
4,13052,12926,88,-40
4,13185,13056,93,-50
4,13329,13192,95,-54
4,13482,13333,102,-55
4,13646,13489,111,-62
4,13818,13651,119,-64
4,13999,13821,128,-67
4,14188,14012,133,-79
4,14384,14206,131,-83
4,14586,14400,131,-81
4,14795,14598,139,-81
4,15009,14811,146,-89
4,15228,15018,153,-85
4,15450,15246,156,-96
4,15675,15472,153,-98
4,15903,15693,153,-94
4,16133,15921,156,-96
4,16363,16152,158,-98
4,209,16375,164,-94
4,438,6156,-11558,-168
4,667,-5516,-4651,8280
4,893,-4806,4198,3374
4,1115,1730,4282,-2978
4,1335,4293,-233,-3061
4,1550,2364,-2130,36
4,1759,355,-689,1540
4,1963,763,970,511
4,2160,2188,906,-678
4,2351,2786,22,-637
4,2533,2511,-310,-5
4,2707,2302,-17,240
4,2872,2537,287,27
4,3027,2938,252,-192
4,3173,3157,75,-167
4,3308,3208,16,-43
4,3432,3271,72,1
4,3544,3404,122,-33
4,3645,3564,106,-73
4,3734,3675,63,-61
4,3810,3745,44,-33
4,3874,3806,47,-19
4,3925,3869,51,-20
4,3962,3926,42,-22
4,3987,3965,28,-17
4,3999,3986,16,-7
4,3997,3992,15,0
4,3982,3992,11,0
4,3953,3982,-7,4
4,3912,3946,-22,18
4,3858,3897,-26,28
4,3791,3840,-29,33
4,3711,3778,-39,33
4,3619,3697,-51,40
4,3515,3599,-60,50
4,3399,3500,-69,50
4,3272,3378,-77,60
4,3134,3243,-79,69
4,2986,3105,-81,70
4,2828,2963,-91,69
4,2660,2803,-101,76
4,2484,2635,-111,81
4,2300,2450,-115,92
4,2107,2262,-114,95
4,1908,2071,-117,95
4,1703,1873,-123,97
4,1491,1669,-128,98
4,1275,1462,-141,100
4,1055,1231,-141,115
4,831,1010,-135,113
4,605,791,-135,108
4,376,567,-141,109
4,146,334,-144,114
4,16300,111,-149,110
4,16070,10330,11573,184
4,15841,22002,4666,-8265
4,15614,21292,-4183,-3359
4,15389,14756,-4267,2992
4,15168,12191,243,3077
4,14950,14114,2142,-17
4,14738,16118,702,-1519
4,14531,15711,-953,-496
4,14330,14286,-892,691
4,14135,13685,-12,651
4,13949,13951,321,24
4,13770,14158,28,-223
4,13600,13916,-277,-7
4,13439,13509,-241,212
4,13288,13285,-63,186
4,13148,13230,-5,61
4,13018,13163,-60,15
4,12899,13022,-109,51
4,12792,12856,-94,90
4,12696,12737,-52,81
4,12613,12662,-32,50
4,12543,12599,-39,34
4,12485,12523,-42,41
4,12440,12463,-35,40
4,12408,12410,-17,39
4,12389,12384,-1,25
4,12384,12374,0,15
4,12392,12374,0,10
4,12413,12374,6,15
4,12447,12390,26,10
4,12494,12430,42,-4
4,12554,12490,46,-19
4,12627,12552,46,-21
4,12713,12615,57,-16
4,12810,12707,71,-29
4,12920,12805,80,-35
4,13041,12923,85,-45
4,13172,13044,89,-47
4,13315,13176,94,-51
4,13468,13317,103,-53
4,13630,13474,112,-62
4,13802,13630,122,-61
4,13982,13810,127,-71
4,14170,13996,129,-78
4,14366,14185,130,-80
4,14568,14379,135,-80
4,14776,14579,143,-82
4,14989,14783,153,-83
4,15208,15009,154,-97
4,15430,15230,150,-97
4,15655,15449,150,-94
4,15882,15671,155,-93
4,16112,15902,156,-98
4,16342,16124,163,-93
4,188,16363,164,-103
4,418,6141,-11564,-171
4,646,-5538,-4656,8284
4,872,-4828,4197,3376
4,1095,1707,4283,-2976
4,1315,4286,-30,-3176
4,1530,2357,-2128,22
4,1740,342,-695,1536
4,1945,742,966,515
4,2143,2166,908,-675
4,2334,2768,27,-638
4,2517,2519,-309,-30
4,2692,2293,-17,233
4,2857,2522,284,28
4,3014,2921,252,-190
4,3160,3142,77,-166
4,3296,3196,19,-45
4,3421,3257,72,3
4,3535,3400,120,-39
4,3636,3557,100,-72
4,3726,3664,59,-57
4,3804,3733,46,-30
4,3869,3796,54,-19
4,3921,3865,55,-23
4,3960,3925,43,-25
4,3985,3964,27,-17
4,3998,3984,15,-6
4,3998,3984,15,7
4,3984,3984,15,7
4,3957,3984,1,0
4,3916,3953,-19,14
4,3863,3905,-27,25
4,3797,3845,-31,34
4,3719,3782,-37,34
4,3628,3703,-47,40
4,3525,3613,-58,44
4,3410,3504,-67,55
4,3284,3385,-71,61
4,3147,3259,-78,64
4,3000,3121,-83,68
4,2843,2975,-92,71
4,2676,2822,-105,74
4,2500,2644,-110,87
4,2317,2464,-110,91
4,2125,2283,-112,90
4,1927,2090,-119,95
4,1722,1892,-123,97
4,1511,1696,-133,93
4,1295,1475,-141,107
4,1075,1252,-137,112
4,852,1033,-134,109
4,625,814,-138,107
4,397,585,-142,111
4,167,363,-149,109
4,16321,123,-148,118
4,16091,10347,11580,184
4,15862,22026,4671,-8270
4,15634,21316,-4183,-3362
4,15409,14776,-4269,2993
4,15188,12196,44,3191
4,14970,14125,2142,-8
4,14757,16137,708,-1521
4,14549,15733,-953,-499
4,14348,14306,-896,691
4,14153,13700,-13,655
4,13965,13947,321,46
4,13786,14169,27,-217
4,13615,13930,-273,-7
4,13454,13527,-238,207
4,13302,13303,-64,183
4,13160,13245,-8,61
4,13029,13179,-62,12
4,12909,13028,-112,57
4,12801,12862,-91,93
4,12704,12749,-50,77
4,12620,12672,-35,50
4,12548,12602,-39,38
4,12489,12530,-42,39
4,12443,12462,-33,44
4,12410,12415,-14,35
4,12390,12394,-7,20
4,12384,12373,-2,18
4,12390,12368,2,15
4,12410,12368,14,15
4,12443,12389,29,7
4,12489,12430,40,-7
4,12548,12484,43,-16
4,12620,12544,47,-19
4,12704,12614,56,-22
4,12801,12692,70,-23
4,12909,12795,82,-35
4,13029,12913,84,-46
4,13160,13033,87,-47
4,13302,13162,95,-49
4,13454,13304,105,-54
4,13615,13454,117,-58
4,13786,13627,119,-71
4,13965,13800,118,-73
4,14153,13975,122,-71
4,14348,14158,134,-72
4,14549,14359,144,-83
4,14757,14560,147,-84
4,14970,14776,147,-92
4,15188,14991,144,-93
4,15409,15205,147,-90
4,15634,15425,154,-93
4,15862,15653,156,-97
4,16091,15875,162,-94
4,16321,16113,162,-103
4,167,16346,155,-102
4,397,6113,-11566,-163
4,625,-5563,-4653,8287
4,852,-4850,4201,3375
4,1075,1423,4459,-2800
4,1295,4279,-32,-3188
4,1511,2339,-2137,25
4,1722,315,-696,1544
4,1927,719,972,517
4,2125,2151,912,-680
4,2317,2755,67,-663
4,2500,2510,-311,-37
4,2676,2275,-24,237
4,2843,2502,286,31
4,3000,2906,256,-191
4,3147,3132,80,-172
4,3284,3184,18,-46
4,3410,3249,72,-1
4,3525,3389,119,-38
4,3628,3545,102,-71
4,3719,3658,64,-62
4,3797,3730,45,-33
4,3863,3789,52,-18
4,3916,3861,54,-25
4,3957,3920,41,-24
4,3984,3960,28,-17
4,3998,3981,18,-6
4,3998,3992,13,0
4,3985,3992,13,0
4,3960,3984,-5,4
4,3921,3950,-17,19
4,3869,3908,-22,24
4,3804,3855,-29,29
4,3726,3793,-40,31
4,3636,3715,-53,38
4,3535,3615,-60,51
4,3421,3512,-62,54
4,3296,3397,-68,58
4,3160,3275,-76,59
4,3014,3136,-87,68
4,2857,2991,-94,70
4,2692,2829,-102,79
4,2517,2658,-103,86
4,2334,2484,-105,86
4,2143,2304,-114,87
4,1945,2109,-122,95
4,1740,1916,-129,94
4,1530,1702,-133,105
4,1315,1487,-129,108
4,1095,1274,-130,106
4,872,1057,-136,106
4,646,833,-140,109
4,418,611,-147,109
4,188,373,-145,118
4,16342,141,-140,117
4,16112,10374,11581,178
4,15882,22050,4668,-8272
4,15655,21335,-4188,-3359
4,15430,15061,-4443,2816
4,15208,12204,46,3203
4,14989,14141,2150,-8
4,14776,16162,710,-1528
4,14568,15757,-958,-502
4,14366,14320,-897,697
4,14170,13715,-55,679
4,13982,13956,321,54
4,13802,14182,35,-217
4,13630,13953,-273,-14
4,13468,13544,-245,209
4,13315,13311,-67,191
4,13172,13255,-3,62
4,13041,13188,-60,14
4,12920,13038,-108,57
4,12810,12878,-91,88
4,12713,12762,-55,76
4,12627,12682,-39,51
4,12554,12610,-42,38
4,12494,12532,-41,43
4,12447,12470,-32,40
4,12413,12419,-17,37
4,12392,12391,-3,24
4,12384,12376,2,15
4,12389,12376,2,7
4,12408,12376,2,12
4,12440,12384,22,13
4,12485,12422,41,-2
4,12543,12481,46,-19
4,12613,12542,44,-21
4,12696,12601,55,-15
4,12792,12683,72,-23
4,12899,12787,83,-36
4,13018,12905,83,-47
4,13148,13023,84,-47
4,13288,13146,95,-45
4,13439,13282,109,-48
4,13600,13444,118,-64
4,13770,13614,116,-72
4,13949,13782,116,-70
4,14135,13957,123,-69
4,14330,14143,132,-74
4,14531,14334,145,-76
4,14738,14548,148,-91
4,14950,14760,141,-92
4,15168,14967,142,-88
4,15389,15183,149,-89
4,15614,15404,157,-93
4,15841,15626,164,-94
4,16070,15864,161,-103
4,16300,16096,153,-102
4,146,16319,153,-95
4,376,6087,-11563,-159
4,605,-5586,-4650,8287
4,831,-5129,3969,3750
4,1055,1415,4455,-2811
4,1275,4262,-41,-3186
4,1491,2313,-2138,31
4,1703,294,-691,1543
4,1908,703,973,514
4,2107,2076,950,-643
4,2300,2741,67,-667
4,2484,2496,-313,-39
4,2660,2257,-24,239
4,2828,2484,287,33
4,2986,2890,259,-191
4,3134,3114,93,-174
4,3272,3179,18,-54
4,3399,3241,67,-2
4,3515,3375,116,-34
4,3619,3533,106,-71
4,3711,3648,69,-63
4,3791,3721,50,-35
4,3858,3784,54,-20
4,3912,3856,54,-25
4,3953,3916,42,-25
4,3982,3956,29,-17
4,3997,3977,21,-5
4,3999,3993,12,-2
4,3987,3993,12,0
4,3962,3984,-4,5
4,3925,3952,-17,19
4,3874,3910,-19,25
4,3810,3862,-27,26
4,3734,3803,-41,28
4,3645,3721,-53,40
4,3544,3623,-57,51
4,3432,3522,-61,53
4,3308,3409,-66,56
4,3173,3288,-77,59
4,3027,3155,-90,63
4,2872,2998,-98,78
4,2707,2837,-97,84
4,2533,2676,-100,81
4,2351,2503,-108,84
4,2160,2321,-115,88
4,1963,2134,-128,90
4,1759,1922,-130,106
4,1550,1713,-123,108
4,1335,1512,-124,100
4,1115,1299,-131,102
4,893,1079,-139,106
4,667,860,-147,107
4,438,622,-145,118
4,209,390,-138,117
4,16363,169,-138,109
4,16133,10401,11577,174
4,15903,22071,4663,-8269
4,15675,21614,-3953,-3734
4,15450,15071,-4442,2825
4,15228,12222,53,3202
4,15009,14165,2153,-13
4,14795,16184,706,-1528
4,14586,15773,-959,-498
4,14384,14395,-936,659
4,14188,13727,-54,684
4,13999,13970,327,55
4,13818,14205,36,-224
4,13646,13970,-277,-13
4,13482,13560,-244,208
4,13329,13332,-81,191
4,13185,13263,-8,70
4,13052,13195,-57,19
4,12930,13050,-106,55
4,12820,12889,-93,88
4,12721,12768,-55,80
4,12635,12692,-41,50
4,12561,12615,-42,41
4,12499,12538,-40,43
4,12451,12475,-33,41
4,12415,12423,-17,37
4,12393,12394,-4,23
4,12384,12376,1,17
4,12388,12376,1,8
4,12406,12376,1,12
4,12436,12383,20,13
4,12480,12420,37,-2
4,12537,12472,43,-13
4,12606,12530,50,-18
4,12688,12600,55,-21
4,12782,12682,64,-26
4,12889,12779,74,-34
4,13006,12888,82,-40
4,13135,13008,87,-45
4,13275,13132,98,-46
4,13425,13278,107,-56
4,13585,13434,107,-62
4,13754,13593,112,-64
4,13932,13762,120,-68
4,14118,13940,126,-71
4,14312,14122,138,-73
4,14512,14326,143,-85
4,14719,14531,140,-89
4,14931,14733,142,-85
4,15148,14946,148,-89
4,15369,15165,151,-92
4,15593,15377,160,-88
4,15820,15613,163,-101
4,16049,15847,154,-104
4,16279,16068,153,-95
4,125,16297,157,-96
4,355,6070,-11563,-163
4,584,-5313,-5166,8251
4,811,-5140,3967,3741
4,1035,1397,4450,-2811
4,1255,4237,-44,-3180
4,1472,2289,-2136,34
4,1684,278,-688,1538
4,1890,627,935,590
4,2089,2070,949,-654
4,2282,2727,61,-668
4,2468,2474,-316,-34
4,2645,2236,-19,242
4,2813,2474,290,26
4,2972,2864,267,-184
4,3121,3106,88,-178
4,3260,3165,12,-50
4,3388,3223,68,3
4,3505,3363,120,-35
4,3610,3524,108,-73
4,3703,3637,71,-62
4,3784,3715,51,-37
4,3852,3778,54,-21
4,3908,3850,54,-25
4,3950,3911,44,-25
4,3980,3953,32,-19
4,3996,3979,18,-8
4,3999,3990,13,0
4,3989,3990,13,3
4,3965,3982,-1,8
4,3929,3961,-12,10
4,3879,3921,-24,20
4,3816,3865,-33,31
4,3741,3802,-39,34
4,3654,3723,-45,41
4,3554,3640,-54,41
4,3442,3537,-66,50
4,3320,3419,-71,59
4,3186,3302,-80,58
4,3041,3161,-89,70
4,2887,3010,-90,76
4,2722,2856,-93,78
4,2549,2694,-101,79
4,2368,2519,-108,84
4,2178,2345,-119,83
4,1981,2145,-127,97
4,1778,1940,-125,104
4,1569,1739,-124,101
4,1354,1533,-128,100
4,1136,1317,-135,105
4,913,1106,-143,102
4,687,871,-146,115
4,459,639,-138,117
4,230,418,-137,110
4,0,190,-141,111
4,16153,-41,-143,113
4,15924,9461,11519,933
4,15696,21558,5185,-8226
4,15470,21397,-3942,-3730
4,15248,14868,-4433,2819
4,15029,12026,56,3194
4,14814,13971,2150,-17
4,14605,15944,802,-1531
4,14402,15634,-920,-569
4,14205,14200,-928,666
4,14016,13548,-41,678
4,13834,13805,332,45
4,13661,14044,34,-227
4,13497,13829,-271,-32
4,13342,13417,-252,206
4,13198,13183,-66,192
4,13064,13136,8,58
4,12941,13083,-52,7
4,12829,12948,-106,46
4,12730,12793,-97,85
4,12642,12672,-49,83
4,12567,12606,-24,48
4,12504,12550,-30,32
4,12455,12488,-35,34
4,12418,12430,-24,37
4,12394,12395,-12,29
4,12384,12374,-2,21
4,12387,12368,2,15
4,12404,12368,8,15
4,12433,12383,24,9
4,12476,12422,35,-6
4,12531,12462,42,-7
4,12599,12523,52,-18
4,12680,12597,55,-25
4,12773,12676,61,-26
4,12879,12770,70,-32
4,12995,12873,82,-35
4,13123,12989,94,-41
4,13262,13128,99,-54
4,13411,13269,100,-57
4,13570,13417,105,-58
4,13739,13576,115,-63
4,13916,13748,121,-69
4,14101,13919,130,-68
4,14294,14114,136,-81
4,14494,14311,136,-85
4,14700,14509,137,-83
4,14911,14712,144,-84
4,15128,14928,149,-91
4,15348,15137,156,-87
4,15573,15368,157,-98
4,15799,15597,154,-101
4,16028,15818,153,-95
4,16258,16046,156,-96
4,104,16277,158,-98
4,334,6773,-11505,-916
4,563,-5324,-5169,8243
4,790,-5160,3957,3745
4,1015,1370,4449,-2804
4,1236,4215,-39,-3180
4,1453,2274,-2134,29
4,1665,302,-789,1546
4,1871,612,936,585
4,2072,2051,946,-653
4,2265,2708,60,-666
4,2451,2454,-315,-31
4,2629,2224,-18,236
4,2798,2441,286,45
4,2958,2854,270,-191
4,3108,3096,86,-181
4,3248,3150,10,-47
4,3377,3208,70,5
4,3495,3352,123,-36
4,3601,3510,113,-71
4,3695,3635,68,-68
4,3777,3709,45,-36
4,3846,3771,50,-19
4,3903,3841,55,-22
4,3947,3904,48,-25
4,3978,3953,32,-22
4,3995,3979,16,-9
4,3999,3988,15,0
4,3990,3988,15,4
4,3968,3988,5,0
4,3933,3969,-14,6
4,3884,3930,-29,18
4,3823,3868,-35,34
4,3749,3805,-36,36
4,3662,3730,-41,40
4,3564,3648,-53,41
4,3453,3546,-65,51
4,3331,3433,-73,57
4,3198,3305,-77,65
4,3055,3170,-80,68
4,2901,3029,-87,70
4,2738,2873,-96,76
4,2565,2711,-104,79
4,2384,2540,-114,82
4,2196,2348,-117,95
4,2000,2156,-114,97
4,1797,1964,-117,95
4,1588,1764,-127,97
4,1374,1551,-133,104
4,1156,1342,-139,102
4,933,1114,-141,113
4,708,888,-138,114
4,480,667,-137,110
4,251,440,-140,110
4,20,209,-141,113
4,16174,-13,-148,107
4,15945,10206,11574,181
4,15717,21877,4666,-8265
4,15491,21167,-4183,-3358
4,15268,14633,-4266,2991
4,15049,12069,246,3076
4,14834,13996,2145,-19
4,14624,16006,705,-1524
4,14420,15600,-955,-498
4,14223,14175,-894,692
4,14033,13574,-10,654
4,13850,13849,327,21
4,13676,14059,32,-225
4,13511,13824,-272,-12
4,13356,13423,-237,207
4,13210,13204,-60,182
4,13075,13153,-1,58
4,12951,13090,-57,14
4,12839,12957,-107,48
4,12738,12797,-91,88
4,12649,12686,-48,76
4,12573,12616,-29,48
4,12509,12555,-32,34
4,12459,12492,-36,35
4,12421,12435,-27,38
4,12396,12396,-13,32
4,12385,12375,-1,22
4,12386,12370,0,15
4,12402,12370,2,15
4,12430,12378,22,13
4,12471,12414,37,-2
4,12526,12464,42,-14
4,12593,12522,44,-18
4,12672,12584,54,-18
4,12764,12665,66,-26
4,12868,12763,73,-35
4,12984,12862,82,-35
4,13111,12983,91,-44
4,13249,13117,94,-53
4,13397,13255,98,-55
4,13555,13401,106,-57
4,13723,13561,115,-63
4,13899,13726,125,-65
4,14084,13908,130,-74
4,14276,14099,130,-80
4,14475,14291,132,-81
4,14681,14488,138,-82
4,14892,14695,144,-86
4,15108,14900,153,-84
4,15328,15128,155,-97
4,15552,15349,151,-96
4,15779,15569,152,-93
4,16007,15797,156,-96
4,16237,16028,157,-99
4,83,16250,162,-94
4,313,6030,-11560,-167
4,542,-5642,-4651,8281
4,770,-4932,4198,3375
4,994,1605,4283,-2976
4,1216,4170,-228,-3062
4,1433,2247,-2126,32
4,1646,243,-687,1534
4,1853,650,968,512
4,2054,2075,908,-676
4,2248,2677,28,-637
4,2435,2412,-306,-11
4,2613,2205,-13,237
4,2783,2445,291,23
4,2944,2851,256,-196
4,3095,3077,80,-173
4,3236,3132,18,-46
4,3366,3197,75,2
4,3484,3340,126,-37
4,3592,3508,107,-77
4,3687,3622,66,-63
4,3770,3699,48,-36
4,3841,3762,54,-19
4,3899,3839,57,-26
4,3943,3899,50,-25
4,3975,3951,31,-23
4,3994,3972,20,-7
4,3999,3989,12,-1
4,3992,3989,12,4
4,3971,3989,7,0
4,3936,3972,-12,5
4,3889,3932,-29,19
4,3829,3871,-32,34
4,3756,3809,-32,36
4,3671,3746,-42,31
4,3573,3655,-56,44
4,3464,3557,-66,49
4,3343,3439,-71,61
4,3211,3318,-74,62
4,3068,3186,-80,65
4,2915,3044,-90,69
4,2753,2885,-98,79
4,2581,2729,-105,77
4,2401,2551,-111,86
4,2213,2369,-115,90
4,2018,2177,-117,95
4,1815,1981,-120,97
4,1607,1781,-127,98
4,1394,1578,-136,97
4,1176,1354,-139,110
4,954,1133,-135,111
4,728,914,-135,108
4,501,690,-141,109
4,272,459,-142,113
4,41,237,-147,109
4,16195,-2,-149,118
4,15966,10220,11579,186
4,15737,21902,4672,-8272
4,15511,21191,-4184,-3362
4,15288,14652,-4267,2993
4,15068,12074,48,3190
4,14853,14006,2143,-9
4,14643,16021,710,-1523
4,14438,15620,-953,-500
4,14240,14195,-894,690
4,14050,13592,-12,654
4,13866,13845,324,43
4,13692,14070,29,-218
4,13526,13840,-271,-12
4,13369,13439,-238,206
4,13223,13218,-62,182
4,13087,13165,-3,60
4,12962,13104,-57,12
4,12849,12961,-105,54
4,12747,12804,-85,88
4,12657,12697,-44,72
4,12580,12628,-31,45
4,12515,12565,-37,34
4,12463,12500,-40,35
4,12424,12438,-31,41
4,12398,12398,-14,33
4,12385,12377,-2,22
4,12386,12369,2,15
4,12400,12369,4,15
4,12427,12378,21,12
4,12467,12414,34,-4
4,12520,12456,39,-8
4,12586,12514,47,-17
4,12665,12577,55,-18
4,12756,12659,64,-26
4,12859,12751,74,-32
4,12973,12859,80,-40
4,13099,12976,84,-45
4,13236,13098,92,-45
4,13383,13238,102,-53
4,13541,13390,107,-60
4,13707,13542,116,-59
4,13883,13717,121,-70
4,14067,13895,125,-74
4,14258,14077,129,-74
4,14457,14271,136,-81
4,14662,14470,140,-83
4,14872,14669,148,-81
4,15088,14888,153,-92
4,15308,15109,150,-96
4,15532,15327,149,-93
4,15758,15548,155,-93
4,15986,15779,156,-99
4,16216,16000,161,-94
4,62,16238,162,-103
4,292,6014,-11565,-169
4,522,-5665,-4656,8285
4,749,-4954,4199,3377
4,974,1586,4283,-2978
4,1196,4165,-30,-3176
4,1413,2237,-2126,22
4,1626,225,-693,1535
4,1834,629,967,514
4,2036,2054,910,-675
4,2230,2659,29,-637
4,2418,2415,-304,-33
4,2597,2193,-13,232
4,2768,2431,287,23
4,2930,2833,254,-192
4,3082,3059,81,-169
4,3223,3118,22,-47
4,3354,3182,76,3
4,3474,3333,127,-42
4,3582,3499,106,-78
4,3679,3612,65,-62
4,3763,3689,50,-35
4,3835,3759,54,-23
4,3894,3831,57,-24
4,3940,3899,48,-29
4,3973,3946,29,-20
4,3993,3967,22,-5
4,4000,3988,17,-3
4,3993,3994,13,0
4,3973,3987,-1,7
4,3940,3966,-10,12
4,3894,3927,-18,22
4,3835,3885,-26,22
4,3763,3824,-39,31
4,3679,3745,-45,41
4,3582,3666,-54,40
4,3474,3564,-64,50
4,3354,3448,-68,60
4,3223,3328,-72,62
4,3082,3199,-80,64
4,2930,3058,-89,69
4,2768,2908,-102,73
4,2597,2735,-104,85
4,2418,2561,-105,89
4,2230,2384,-108,88
4,2036,2199,-116,89
4,1834,2002,-123,96
4,1626,1806,-133,95
4,1413,1587,-136,107
4,1196,1370,-131,109
4,974,1156,-132,106
4,749,936,-139,108
4,522,708,-141,112
4,292,487,-146,108
4,62,249,-147,117
4,16216,14,-140,118
4,15986,10248,11582,177
4,15758,21926,4668,-8274
4,15532,21211,-4188,-3359
4,15308,14937,-4443,2817
4,15088,12082,48,3202
4,14872,14022,2152,-10
4,14662,16046,711,-1529
4,14457,15642,-957,-501
4,14258,14211,-896,694
4,14067,13607,-53,678
4,13883,13851,326,53
4,13707,14086,39,-222
4,13541,13859,-271,-16
4,13383,13457,-239,204
4,13236,13231,-65,185
4,13099,13177,-4,61
4,12973,13112,-57,16
4,12859,12972,-104,53
4,12756,12816,-87,87
4,12665,12706,-48,74
4,12586,12632,-30,48
4,12520,12573,-37,32
4,12467,12501,-39,39
4,12427,12441,-27,40
4,12400,12402,-13,32
4,12386,12381,-3,21
4,12385,12370,2,15
4,12398,12370,2,14
4,12424,12378,19,11
4,12463,12411,33,-3
4,12515,12453,38,-9
4,12580,12508,45,-15
4,12657,12571,54,-18
4,12747,12648,65,-23
4,12849,12745,73,-34
4,12962,12848,78,-38
4,13087,12964,83,-43
4,13223,13086,91,-44
4,13369,13225,102,-53
4,13526,13370,109,-55
4,13692,13532,117,-64
4,13866,13705,119,-72
4,14050,13879,120,-73
4,14240,14058,127,-71
4,14438,14251,135,-78
4,14643,14443,146,-78
4,14853,14660,150,-92
4,15068,14876,144,-95
4,15288,15086,143,-89
4,15511,15302,151,-89
4,15737,15528,156,-95
4,15966,15750,162,-94
4,16195,15988,162,-103
4,41,16221,153,-102
4,272,5986,-11568,-161
4,501,-5691,-4652,8289
4,728,-4974,4204,3373
4,954,1300,4459,-2801
4,1176,4158,-31,-3188
4,1394,2221,-2135,23
4,1607,200,-696,1542
4,1815,604,972,517
4,2018,2041,912,-682
4,2213,2646,70,-663
4,2401,2405,-306,-39
4,2581,2179,-20,232
4,2753,2408,288,29
4,2915,2817,260,-194
4,3068,3050,82,-176
4,3211,3106,18,-47
4,3343,3173,75,1
4,3464,3323,124,-42
4,3573,3484,106,-73
4,3671,3600,70,-62
4,3756,3680,54,-36
4,3829,3752,57,-24
4,3889,3830,56,-29
4,3936,3892,46,-26
4,3971,3941,32,-21
4,3992,3970,19,-8
4,3999,3987,12,-1
4,3994,3987,12,6
4,3975,3987,12,1
4,3943,3976,-8,3
4,3899,3938,-25,18
4,3841,3882,-29,32
4,3770,3822,-30,34
4,3687,3762,-41,29
4,3592,3673,-56,42
4,3484,3571,-62,52
4,3366,3458,-65,59
4,3236,3341,-69,60
4,3095,3215,-79,61
4,2944,3079,-94,63
4,2783,2917,-103,79
4,2613,2747,-101,87
4,2435,2579,-101,85
4,2248,2404,-107,85
4,2054,2221,-119,87
4,1853,2029,-132,91
4,1646,1812,-133,108
4,1433,1600,-125,109
4,1216,1398,-127,99
4,994,1182,-136,102
4,770,956,-141,109
4,542,735,-146,108
4,313,498,-146,117
4,83,266,-140,117
4,16237,40,-138,112
4,16007,10273,11579,175
4,15779,21948,4666,-8274
4,15552,21491,-3955,-3734
4,15328,14947,-4442,2826
4,15108,12098,56,3202
4,14892,14047,2153,-15
4,14681,16068,707,-1529
4,14475,15659,-958,-499
4,14276,14282,-934,660
4,14084,13620,-50,681
4,13899,13866,329,54
4,13723,14105,37,-224
4,13555,13876,-274,-16
4,13397,13469,-243,208
4,13249,13248,-78,188
4,13111,13183,-3,68
4,12984,13121,-52,16
4,12868,12987,-101,48
4,12764,12829,-91,85
4,12672,12714,-54,77
4,12593,12640,-37,51
4,12526,12577,-39,36
4,12471,12505,-38,40
4,12430,12445,-27,40
4,12402,12405,-14,32
4,12386,12384,-5,21
4,12385,12369,4,15
4,12396,12369,4,14
4,12421,12379,18,8
4,12459,12400,31,6
4,12509,12442,45,-5
4,12573,12504,50,-20
4,12649,12564,55,-18
4,12738,12645,62,-27
4,12839,12735,69,-31
4,12951,12837,78,-37
4,13075,12953,83,-43
4,13210,13075,91,-45
4,13356,13208,104,-50
4,13511,13363,110,-62
4,13676,13522,110,-66
4,13850,13684,116,-66
4,14033,13859,122,-70
4,14223,14041,129,-72
4,14420,14227,141,-74
4,14624,14435,143,-86
4,14834,14643,141,-89
4,15049,14851,142,-88
4,15268,15064,148,-89
4,15491,15284,154,-93
4,15717,15503,160,-92
4,15945,15738,161,-101
4,16174,15970,155,-102
4,20,16195,153,-97
4,251,5962,-11564,-160
4,480,-5711,-4650,8287
4,708,-5254,3969,3750
4,933,1290,4458,-2811
4,1156,4140,-39,-3187
4,1374,2195,-2136,29
4,1588,178,-692,1542
4,1797,588,974,513
4,1999,1966,951,-644
4,2196,2634,69,-669
4,2384,2391,-311,-39
4,2565,2157,-21,238
4,2738,2392,290,28
4,2901,2803,260,-195
4,3055,3031,93,-176
4,3198,3099,20,-54
4,3331,3164,71,-1
4,3453,3308,123,-38
4,3564,3472,109,-73
4,3662,3595,70,-66
4,3749,3671,54,-36
4,3823,3747,57,-26
4,3884,3824,55,-28
4,3933,3886,47,-25
4,3968,3938,33,-21
4,3990,3968,20,-10
4,3999,3985,13,-1
4,3995,3985,13,8
4,3978,3985,13,4
4,3947,3977,-5,4
4,3903,3940,-22,18
4,3846,3888,-28,29
4,3777,3830,-34,33
4,3695,3762,-40,35
4,3601,3680,-51,41
4,3495,3582,-60,49
4,3377,3472,-65,56
4,3248,3354,-71,59
4,3108,3229,-83,61
4,2958,3083,-92,71
4,2798,2927,-92,77
4,2629,2768,-97,79
4,2451,2599,-105,83
4,2265,2421,-111,86
4,2072,2239,-123,88
4,1871,2037,-127,99
4,1665,1830,-126,104
4,1453,1625,-126,103
4,1236,1416,-129,102
4,1015,1200,-136,104
4,790,985,-146,103
4,563,747,-147,117
4,334,514,-138,118
4,104,293,-137,110
4,16258,65,-141,110
4,16028,10293,11578,176
4,15799,21675,5180,-8237
4,15573,21501,-3953,-3725
4,15348,14964,-4434,2826
4,15128,12125,59,3194
4,14911,14071,2150,-18
4,14700,16086,704,-1527
4,14494,15737,-920,-577
4,14294,14292,-936,670
4,14101,13633,-47,685
4,13916,13887,332,48
4,13739,14126,34,-227
4,13570,13888,-275,-11
4,13411,13498,-253,199
4,13262,13256,-75,193
4,13123,13197,1,65
4,12995,13137,-53,13
4,12879,13001,-106,47
4,12773,12839,-95,88
4,12680,12722,-56,79
4,12599,12645,-34,52
4,12531,12582,-37,36
4,12476,12512,-39,39
4,12433,12451,-29,40
4,12404,12409,-18,33
4,12387,12382,-4,24
4,12384,12370,4,15
4,12394,12370,4,12
4,12418,12380,16,6
4,12455,12401,26,4
4,12504,12441,39,-5
4,12567,12496,47,-15
4,12642,12559,54,-19
4,12730,12638,60,-26
4,12829,12725,68,-29
4,12941,12826,77,-35
4,13064,12942,84,-43
4,13198,13059,95,-42
4,13342,13200,104,-54
4,13497,13351,105,-61
4,13661,13505,108,-62
4,13834,13667,116,-64
4,14016,13842,123,-69
4,14205,14016,135,-67
4,14402,14216,143,-82
4,14605,14421,140,-89
4,14814,14622,139,-86
4,15029,14828,143,-85
4,15248,15044,150,-90
4,15470,15255,159,-86
4,15696,15491,162,-102
4,15924,15722,153,-102
4,16153,15943,152,-95
4,0,16171,156,-96
4,230,5943,-11563,-161
4,459,-5439,-5165,8252
4,687,-5265,3968,3740
4,913,1273,4451,-2811
4,1136,4116,-42,-3182
4,1354,2171,-2133,32
4,1569,158,-689,1541
4,1778,510,938,590
4,1981,1958,954,-657
4,2178,2623,63,-673
4,2368,2371,-315,-35
4,2549,2141,-18,236
4,2722,2379,289,26
4,2887,2770,270,-183
4,3041,3019,95,-179
4,3186,3087,20,-56
4,3320,3152,71,-1
4,3442,3296,123,-37
4,3554,3462,109,-74
4,3654,3581,74,-64
4,3741,3666,55,-39
4,3816,3742,54,-28
4,3879,3814,54,-25
4,3929,3877,51,-23
4,3965,3934,37,-23
4,3989,3966,24,-13
4,3999,3986,15,-4
4,3996,3986,15,6
4,3980,3986,15,3
4,3950,3980,-4,2
4,3908,3944,-22,17
4,3852,3896,-28,26
4,3784,3835,-33,34
4,3703,3772,-42,33
4,3610,3690,-54,40
4,3505,3590,-61,51
4,3388,3482,-64,55
4,3260,3370,-73,55
4,3121,3234,-83,68
4,2972,3093,-87,72
4,2813,2942,-90,75
4,2645,2783,-98,79
4,2468,2614,-104,83
4,2282,2443,-114,82
4,2089,2248,-122,95
4,1890,2050,-121,100
4,1684,1853,-121,98
4,1472,1651,-130,98
4,1255,1434,-136,106
4,1035,1223,-142,103
4,811,992,-143,115
4,584,765,-137,115
4,355,545,-137,108
4,125,316,-142,110
4,16279,82,-144,115
4,16049,9584,11522,934
4,15820,21686,5187,-8230
4,15593,21525,-3944,-3733
4,15369,14993,-4437,2819
4,15148,12146,53,3197
4,14931,14087,2150,-14
4,14719,16060,804,-1531
4,14512,15750,-921,-570
4,14312,14311,-932,667
4,14118,13654,-46,681
4,13932,13907,330,46
4,13754,14137,33,-221
4,13585,13920,-271,-30
4,13425,13507,-255,206
4,13275,13265,-71,196
4,13135,13211,5,62
4,13006,13153,-55,10
4,12889,13009,-108,51
4,12782,12853,-98,85
4,12688,12726,-55,84
4,12606,12651,-31,53
4,12537,12588,-34,35
4,12480,12520,-39,37
4,12436,12457,-33,40
4,12406,12408,-17,37
4,12388,12382,-1,25
4,12384,12373,0,15
4,12393,12373,0,11
4,12415,12373,10,15
4,12451,12392,29,9
4,12499,12431,45,-2
4,12561,12493,50,-19
4,12635,12556,52,-21
4,12721,12632,56,-25
4,12820,12714,66,-26
4,12930,12815,78,-34
4,13052,12926,88,-40
4,13185,13056,93,-50
4,13329,13192,95,-54
4,13482,13333,102,-55
4,13646,13489,111,-62
4,13818,13651,119,-64
4,13999,13821,128,-67
4,14188,14012,133,-79
4,14384,14206,131,-83
4,14586,14400,131,-81
4,14795,14598,139,-81
4,15009,14811,146,-89
4,15228,15018,153,-85
4,15450,15246,156,-96
4,15675,15472,153,-98
4,15903,15693,153,-94
4,16133,15921,156,-96
4,16363,16152,158,-98
4,209,16375,164,-94
4,438,6156,-11558,-168
4,667,-5516,-4651,8280
4,893,-4806,4198,3374
4,1115,1730,4282,-2978
4,1335,4293,-233,-3061
4,1550,2364,-2130,36
4,1759,355,-689,1540
4,1963,763,970,511
4,2160,2188,906,-678
4,2351,2786,22,-637
4,2533,2511,-310,-5
4,2707,2302,-17,240
4,2872,2537,287,27
4,3027,2938,252,-192
4,3173,3157,75,-167
4,3308,3208,16,-43
4,3432,3271,72,1
4,3544,3404,122,-33
4,3645,3564,106,-73
4,3734,3675,63,-61
4,3810,3745,44,-33
4,3874,3806,47,-19
4,3925,3869,51,-20
4,3962,3926,42,-22
4,3987,3965,28,-17
4,3999,3986,16,-7
4,3997,3992,15,0
4,3982,3992,11,0
4,3953,3982,-7,4
4,3912,3946,-22,18
4,3858,3897,-26,28
4,3791,3840,-29,33
4,3711,3778,-39,33
4,3619,3697,-51,40
4,3515,3599,-60,50
4,3399,3500,-69,50
4,3272,3378,-77,60
4,3134,3243,-79,69
4,2986,3105,-81,70
4,2828,2963,-91,69
4,2660,2803,-101,76
4,2484,2635,-111,81
4,2300,2450,-115,92
4,2107,2262,-114,95
4,1908,2071,-117,95
4,1703,1873,-123,97
4,1491,1669,-128,98
4,1275,1462,-141,100
4,1055,1231,-141,115
4,831,1010,-135,113
4,605,791,-135,108
4,376,567,-141,109
4,146,334,-144,114
4,16300,111,-149,110
4,16070,10330,11573,184
4,15841,22002,4666,-8265
4,15614,21292,-4183,-3359
4,15389,14756,-4267,2992
4,15168,12191,243,3077
4,14950,14114,2142,-17
4,14738,16118,702,-1519
4,14531,15711,-953,-496
4,14330,14286,-892,691
4,14135,13685,-12,651
4,13949,13951,321,24
4,13770,14158,28,-223
4,13600,13916,-277,-7
4,13439,13509,-241,212
4,13288,13285,-63,186
4,13148,13230,-5,61
4,13018,13163,-60,15
4,12899,13022,-109,51
4,12792,12856,-94,90
4,12696,12737,-52,81
4,12613,12662,-32,50
4,12543,12599,-39,34
4,12485,12523,-42,41
4,12440,12463,-35,40
4,12408,12410,-17,39
4,12389,12384,-1,25
4,12384,12374,0,15
4,12392,12374,0,10
4,12413,12374,6,15
4,12447,12390,26,10
4,12494,12430,42,-4
4,12554,12490,46,-19
4,12627,12552,46,-21
4,12713,12615,57,-16
4,12810,12707,71,-29
4,12920,12805,80,-35
4,13041,12923,85,-45
4,13172,13044,89,-47
4,13315,13176,94,-51
4,13468,13317,103,-53
4,13630,13474,112,-62
4,13802,13630,122,-61
4,13982,13810,127,-71
4,14170,13996,129,-78
4,14366,14185,130,-80
4,14568,14379,135,-80
4,14776,14579,143,-82
4,14989,14783,153,-83
4,15208,15009,154,-97
4,15430,15230,150,-97
4,15655,15449,150,-94
4,15882,15671,155,-93
4,16112,15902,156,-98
4,16342,16124,163,-93
4,188,16363,164,-103
4,418,6141,-11564,-171
4,646,-5538,-4656,8284
4,872,-4828,4197,3376
4,1095,1707,4283,-2976
4,1315,4286,-30,-3176
4,1530,2357,-2128,22
4,1740,342,-695,1536
4,1945,742,966,515
4,2143,2166,908,-675
4,2334,2768,27,-638
4,2517,2519,-309,-30
4,2692,2293,-17,233
4,2857,2522,284,28
4,3014,2921,252,-190
4,3160,3142,77,-166
4,3296,3196,19,-45
4,3421,3257,72,3
4,3535,3400,120,-39
4,3636,3557,100,-72
4,3726,3664,59,-57
4,3804,3733,46,-30
4,3869,3796,54,-19
4,3921,3865,55,-23
4,3960,3925,43,-25
4,3985,3964,27,-17
4,3998,3984,15,-6
4,3998,3984,15,7
4,3984,3984,15,7
4,3957,3984,1,0
4,3916,3953,-19,14
4,3863,3905,-27,25
4,3797,3845,-31,34
4,3719,3782,-37,34
4,3628,3703,-47,40
4,3525,3613,-58,44
4,3410,3504,-67,55
4,3284,3385,-71,61
4,3147,3259,-78,64
4,3000,3121,-83,68
4,2843,2975,-92,71
4,2676,2822,-105,74
4,2500,2644,-110,87
4,2317,2464,-110,91
4,2125,2283,-112,90
4,1927,2090,-119,95
4,1722,1892,-123,97
4,1511,1696,-133,93
4,1295,1475,-141,107
4,1075,1252,-137,112
4,852,1033,-134,109
4,625,814,-138,107
4,397,585,-142,111
4,167,363,-149,109
4,16321,123,-148,118
4,16091,10347,11580,184
4,15862,22026,4671,-8270
4,15634,21316,-4183,-3362
4,15409,14776,-4269,2993
4,15188,12196,44,3191
4,14970,14125,2142,-8
4,14757,16137,708,-1521
4,14549,15733,-953,-499
4,14348,14306,-896,691
4,14153,13700,-13,655
4,13965,13947,321,46
4,13786,14169,27,-217
4,13615,13930,-273,-7
4,13454,13527,-238,207
4,13302,13303,-64,183
4,13160,13245,-8,61
4,13029,13179,-62,12
4,12909,13028,-112,57
4,12801,12862,-91,93
4,12704,12749,-50,77
4,12620,12672,-35,50
4,12548,12602,-39,38
4,12489,12530,-42,39
4,12443,12462,-33,44
4,12410,12415,-14,35
4,12390,12394,-7,20
4,12384,12373,-2,18
4,12390,12368,2,15
4,12410,12368,14,15
4,12443,12389,29,7
4,12489,12430,40,-7
4,12548,12484,43,-16
4,12620,12544,47,-19
4,12704,12614,56,-22
4,12801,12692,70,-23
4,12909,12795,82,-35
4,13029,12913,84,-46
4,13160,13033,87,-47
4,13302,13162,95,-49
4,13454,13304,105,-54
4,13615,13454,117,-58
4,13786,13627,119,-71
4,13965,13800,118,-73
4,14153,13975,122,-71
4,14348,14158,134,-72
4,14549,14359,144,-83
4,14757,14560,147,-84
4,14970,14776,147,-92
4,15188,14991,144,-93
4,15409,15205,147,-90
4,15634,15425,154,-93
4,15862,15653,156,-97
4,16091,15875,162,-94
4,16321,16113,162,-103
4,167,16346,155,-102
4,397,6113,-11566,-163
4,625,-5563,-4653,8287
4,852,-4850,4201,3375
4,1075,1423,4459,-2800
4,1295,4279,-32,-3188
4,1511,2339,-2137,25
4,1722,315,-696,1544
4,1927,719,972,517
4,2125,2151,912,-680
4,2317,2755,67,-663
4,2500,2510,-311,-37
4,2676,2275,-24,237
4,2843,2502,286,31
4,3000,2906,256,-191
4,3147,3132,80,-172
4,3284,3184,18,-46
4,3410,3249,72,-1
4,3525,3389,119,-38
4,3628,3545,102,-71
4,3719,3658,64,-62
4,3797,3730,45,-33
4,3863,3789,52,-18
4,3916,3861,54,-25
4,3957,3920,41,-24
4,3984,3960,28,-17
4,3998,3981,18,-6
4,3998,3992,13,0
4,3985,3992,13,0
4,3960,3984,-5,4
4,3921,3950,-17,19
4,3869,3908,-22,24
4,3804,3855,-29,29
4,3726,3793,-40,31
4,3636,3715,-53,38
4,3535,3615,-60,51
4,3421,3512,-62,54
4,3296,3397,-68,58
4,3160,3275,-76,59
4,3014,3136,-87,68
4,2857,2991,-94,70
4,2692,2829,-102,79
4,2517,2658,-103,86
4,2334,2484,-105,86
4,2143,2304,-114,87
4,1945,2109,-122,95
4,1740,1916,-129,94
4,1530,1702,-133,105
4,1315,1487,-129,108
4,1095,1274,-130,106
4,872,1057,-136,106
4,646,833,-140,109
4,418,611,-147,109
4,188,373,-145,118
4,16342,141,-140,117
4,16112,10374,11581,178
4,15882,22050,4668,-8272
4,15655,21335,-4188,-3359
4,15430,15061,-4443,2816
4,15208,12204,46,3203
4,14989,14141,2150,-8
4,14776,16162,710,-1528
4,14568,15757,-958,-502
4,14366,14320,-897,697
4,14170,13715,-55,679
4,13982,13956,321,54
4,13802,14182,35,-217
4,13630,13953,-273,-14
4,13468,13544,-245,209
4,13315,13311,-67,191
4,13172,13255,-3,62
4,13041,13188,-60,14
4,12920,13038,-108,57
4,12810,12878,-91,88
4,12713,12762,-55,76
4,12627,12682,-39,51
4,12554,12610,-42,38
4,12494,12532,-41,43
4,12447,12470,-32,40
4,12413,12419,-17,37
4,12392,12391,-3,24
4,12384,12376,2,15
4,12389,12376,2,7
4,12408,12376,2,12
4,12440,12384,22,13
4,12485,12422,41,-2
4,12543,12481,46,-19
4,12613,12542,44,-21
4,12696,12601,55,-15
4,12792,12683,72,-23
4,12899,12787,83,-36
4,13018,12905,83,-47
4,13148,13023,84,-47
4,13288,13146,95,-45
4,13439,13282,109,-48
4,13600,13444,118,-64
4,13770,13614,116,-72
4,13949,13782,116,-70
4,14135,13957,123,-69
4,14330,14143,132,-74
4,14531,14334,145,-76
4,14738,14548,148,-91
4,14950,14760,141,-92
4,15168,14967,142,-88
4,15389,15183,149,-89
4,15614,15404,157,-93
4,15841,15626,164,-94
4,16070,15864,161,-103
4,16300,16096,153,-102
4,146,16319,153,-95
4,376,6087,-11563,-159
4,605,-5586,-4650,8287
4,831,-5129,3969,3750
4,1055,1415,4455,-2811
4,1275,4262,-41,-3186
4,1491,2313,-2138,31
4,1703,294,-691,1543
4,1908,703,973,514
4,2107,2076,950,-643
4,2300,2741,67,-667
4,2484,2496,-313,-39
4,2660,2257,-24,239
4,2828,2484,287,33
4,2986,2890,259,-191
4,3134,3114,93,-174
4,3272,3179,18,-54
4,3399,3241,67,-2
4,3515,3375,116,-34
4,3619,3533,106,-71
4,3711,3648,69,-63
4,3791,3721,50,-35
4,3858,3784,54,-20
4,3912,3856,54,-25
4,3953,3916,42,-25
4,3982,3956,29,-17
4,3997,3977,21,-5
4,3999,3993,12,-2
4,3987,3993,12,0
4,3962,3984,-4,5
4,3925,3952,-17,19
4,3874,3910,-19,25
4,3810,3862,-27,26
4,3734,3803,-41,28
4,3645,3721,-53,40
4,3544,3623,-57,51
4,3432,3522,-61,53
4,3308,3409,-66,56
4,3173,3288,-77,59
4,3027,3155,-90,63
4,2872,2998,-98,78
4,2707,2837,-97,84
4,2533,2676,-100,81
4,2351,2503,-108,84
4,2160,2321,-115,88
4,1963,2134,-128,90
4,1759,1922,-130,106
4,1550,1713,-123,108
4,1335,1512,-124,100
4,1115,1299,-131,102
4,893,1079,-139,106
4,667,860,-147,107
4,438,622,-145,118
4,209,390,-138,117
4,16363,169,-138,109
4,16133,10401,11577,174
4,15903,22071,4663,-8269
4,15675,21614,-3953,-3734
4,15450,15071,-4442,2825
4,15228,12222,53,3202
4,15009,14165,2153,-13
4,14795,16184,706,-1528
4,14586,15773,-959,-498
4,14384,14395,-936,659
4,14188,13727,-54,684
4,13999,13970,327,55
4,13818,14205,36,-224
4,13646,13970,-277,-13
4,13482,13560,-244,208
4,13329,13332,-81,191
4,13185,13263,-8,70
4,13052,13195,-57,19
4,12930,13050,-106,55
4,12820,12889,-93,88
4,12721,12768,-55,80
4,12635,12692,-41,50
4,12561,12615,-42,41
4,12499,12538,-40,43
4,12451,12475,-33,41
4,12415,12423,-17,37
4,12393,12394,-4,23
4,12384,12376,1,17
4,12388,12376,1,8
4,12406,12376,1,12
4,12436,12383,20,13
4,12480,12420,37,-2
4,12537,12472,43,-13
4,12606,12530,50,-18
4,12688,12600,55,-21
4,12782,12682,64,-26
4,12889,12779,74,-34
4,13006,12888,82,-40
4,13135,13008,87,-45
4,13275,13132,98,-46
4,13425,13278,107,-56
4,13585,13434,107,-62
4,13754,13593,112,-64
4,13932,13762,120,-68
4,14118,13940,126,-71
4,14312,14122,138,-73
4,14512,14326,143,-85
4,14719,14531,140,-89
4,14931,14733,142,-85
4,15148,14946,148,-89
4,15369,15165,151,-92
4,15593,15377,160,-88
4,15820,15613,163,-101
4,16049,15847,154,-104
4,16279,16068,153,-95
4,125,16297,157,-96
4,355,6070,-11563,-163
4,584,-5313,-5166,8251
4,811,-5140,3967,3741
4,1035,1397,4450,-2811
4,1255,4237,-44,-3180
4,1472,2289,-2136,34
4,1684,278,-688,1538
4,1890,627,935,590
4,2089,2070,949,-654
4,2282,2727,61,-668
4,2468,2474,-316,-34
4,2645,2236,-19,242
4,2813,2474,290,26
4,2972,2864,267,-184
4,3121,3106,88,-178
4,3260,3165,12,-50
4,3388,3223,68,3
4,3505,3363,120,-35
4,3610,3524,108,-73
4,3703,3637,71,-62
4,3784,3715,51,-37
4,3852,3778,54,-21
4,3908,3850,54,-25
4,3950,3911,44,-25
4,3980,3953,32,-19
4,3996,3979,18,-8
4,3999,3990,13,0
4,3989,3990,13,3
4,3965,3982,-1,8
4,3929,3961,-12,10
4,3879,3921,-24,20
4,3816,3865,-33,31
4,3741,3802,-39,34
4,3654,3723,-45,41
4,3554,3640,-54,41
4,3442,3537,-66,50
4,3320,3419,-71,59
4,3186,3302,-80,58
4,3041,3161,-89,70
4,2887,3010,-90,76
4,2722,2856,-93,78
4,2549,2694,-101,79
4,2368,2519,-108,84
4,2178,2345,-119,83
4,1981,2145,-127,97
4,1778,1940,-125,104
4,1569,1739,-124,101
4,1354,1533,-128,100
4,1136,1317,-135,105
4,913,1106,-143,102
4,687,871,-146,115
4,459,639,-138,117
4,230,418,-137,110
4,0,190,-141,111
4,16153,-41,-143,113
4,15924,9461,11519,933
4,15696,21558,5185,-8226
4,15470,21397,-3942,-3730
4,15248,14868,-4433,2819
4,15029,12026,56,3194
4,14814,13971,2150,-17
4,14605,15944,802,-1531
4,14402,15634,-920,-569
4,14205,14200,-928,666
4,14016,13548,-41,678
4,13834,13805,332,45
4,13661,14044,34,-227
4,13497,13829,-271,-32
4,13342,13417,-252,206
4,13198,13183,-66,192
4,13064,13136,8,58
4,12941,13083,-52,7
4,12829,12948,-106,46
4,12730,12793,-97,85
4,12642,12672,-49,83
4,12567,12606,-24,48
4,12504,12550,-30,32
4,12455,12488,-35,34
4,12418,12430,-24,37
4,12394,12395,-12,29
4,12384,12374,-2,21
4,12387,12368,2,15
4,12404,12368,8,15
4,12433,12383,24,9
4,12476,12422,35,-6
4,12531,12462,42,-7
4,12599,12523,52,-18
4,12680,12597,55,-25
4,12773,12676,61,-26
4,12879,12770,70,-32
4,12995,12873,82,-35
4,13123,12989,94,-41
4,13262,13128,99,-54
4,13411,13269,100,-57
4,13570,13417,105,-58
4,13739,13576,115,-63
4,13916,13748,121,-69
4,14101,13919,130,-68
4,14294,14114,136,-81
4,14494,14311,136,-85
4,14700,14509,137,-83
4,14911,14712,144,-84
4,15128,14928,149,-91
4,15348,15137,156,-87
4,15573,15368,157,-98
4,15799,15597,154,-101
4,16028,15818,153,-95
4,16258,16046,156,-96
4,104,16277,158,-98
4,334,6773,-11505,-916
4,563,-5324,-5169,8243
4,790,-5160,3957,3745
4,1015,1370,4449,-2804
4,1236,4215,-39,-3180
4,1453,2274,-2134,29
4,1665,302,-789,1546
4,1871,612,936,585
4,2072,2051,946,-653
4,2265,2708,60,-666
4,2451,2454,-315,-31
4,2629,2224,-18,236
4,2798,2441,286,45
4,2958,2854,270,-191
4,3108,3096,86,-181
4,3248,3150,10,-47
4,3377,3208,70,5
4,3495,3352,123,-36
4,3601,3510,113,-71
4,3695,3635,68,-68
4,3777,3709,45,-36
4,3846,3771,50,-19
4,3903,3841,55,-22
4,3947,3904,48,-25
4,3978,3953,32,-22
4,3995,3979,16,-9
4,3999,3988,15,0
4,3990,3988,15,4
4,3968,3988,5,0
4,3933,3969,-14,6
4,3884,3930,-29,18
4,3823,3868,-35,34
4,3749,3805,-36,36
4,3662,3730,-41,40
4,3564,3648,-53,41
4,3453,3546,-65,51
4,3331,3433,-73,57
4,3198,3305,-77,65
4,3055,3170,-80,68
4,2901,3029,-87,70
4,2738,2873,-96,76
4,2565,2711,-104,79
4,2384,2540,-114,82
4,2196,2348,-117,95
4,2000,2156,-114,97
4,1797,1964,-117,95
4,1588,1764,-127,97
4,1374,1551,-133,104
4,1156,1342,-139,102
4,933,1114,-141,113
4,708,888,-138,114
4,480,667,-137,110
4,251,440,-140,110
4,20,209,-141,113
4,16174,-13,-148,107
4,15945,10206,11574,181
4,15717,21877,4666,-8265
4,15491,21167,-4183,-3358
4,15268,14633,-4266,2991
4,15049,12069,246,3076
4,14834,13996,2145,-19
4,14624,16006,705,-1524
4,14420,15600,-955,-498
4,14223,14175,-894,692
4,14033,13574,-10,654
4,13850,13849,327,21
4,13676,14059,32,-225
4,13511,13824,-272,-12
4,13356,13423,-237,207
4,13210,13204,-60,182
4,13075,13153,-1,58
4,12951,13090,-57,14
4,12839,12957,-107,48
4,12738,12797,-91,88
4,12649,12686,-48,76
4,12573,12616,-29,48
4,12509,12555,-32,34
4,12459,12492,-36,35
4,12421,12435,-27,38
4,12396,12396,-13,32
4,12385,12375,-1,22
4,12386,12370,0,15
4,12402,12370,2,15
4,12430,12378,22,13
4,12471,12414,37,-2
4,12526,12464,42,-14
4,12593,12522,44,-18
4,12672,12584,54,-18
4,12764,12665,66,-26
4,12868,12763,73,-35
4,12984,12862,82,-35
4,13111,12983,91,-44
4,13249,13117,94,-53
4,13397,13255,98,-55
4,13555,13401,106,-57
4,13723,13561,115,-63
4,13899,13726,125,-65
4,14084,13908,130,-74
4,14276,14099,130,-80
4,14475,14291,132,-81
4,14681,14488,138,-82
4,14892,14695,144,-86
4,15108,14900,153,-84
4,15328,15128,155,-97
4,15552,15349,151,-96
4,15779,15569,152,-93
4,16007,15797,156,-96
4,16237,16028,157,-99
4,83,16250,162,-94
4,313,6030,-11560,-167
4,542,-5642,-4651,8281
4,770,-4932,4198,3375
4,994,1605,4283,-2976
4,1216,4170,-228,-3062
4,1433,2247,-2126,32
4,1646,243,-687,1534
4,1853,650,968,512
4,2054,2075,908,-676
4,2248,2677,28,-637
4,2435,2412,-306,-11
4,2613,2205,-13,237
4,2783,2445,291,23
4,2944,2851,256,-196
4,3095,3077,80,-173
4,3236,3132,18,-46
4,3366,3197,75,2
4,3484,3340,126,-37
4,3592,3508,107,-77
4,3687,3622,66,-63
4,3770,3699,48,-36
4,3841,3762,54,-19
4,3899,3839,57,-26
4,3943,3899,50,-25
4,3975,3951,31,-23
4,3994,3972,20,-7
4,3999,3989,12,-1
4,3992,3989,12,4
4,3971,3989,7,0
4,3936,3972,-12,5
4,3889,3932,-29,19
4,3829,3871,-32,34
4,3756,3809,-32,36
4,3671,3746,-42,31
4,3573,3655,-56,44
4,3464,3557,-66,49
4,3343,3439,-71,61
4,3211,3318,-74,62
4,3068,3186,-80,65
4,2915,3044,-90,69
4,2753,2885,-98,79
4,2581,2729,-105,77
4,2401,2551,-111,86
4,2213,2369,-115,90
4,2018,2177,-117,95
4,1815,1981,-120,97
4,1607,1781,-127,98
4,1394,1578,-136,97
4,1176,1354,-139,110
4,954,1133,-135,111
4,728,914,-135,108
4,501,690,-141,109
4,272,459,-142,113
4,41,237,-147,109
4,16195,-2,-149,118
4,15966,10220,11579,186
4,15737,21902,4672,-8272
4,15511,21191,-4184,-3362
4,15288,14652,-4267,2993
4,15068,12074,48,3190
4,14853,14006,2143,-9
4,14643,16021,710,-1523
4,14438,15620,-953,-500
4,14240,14195,-894,690
4,14050,13592,-12,654
4,13866,13845,324,43
4,13692,14070,29,-218
4,13526,13840,-271,-12
4,13369,13439,-238,206
4,13223,13218,-62,182
4,13087,13165,-3,60
4,12962,13104,-57,12
4,12849,12961,-105,54
4,12747,12804,-85,88
4,12657,12697,-44,72
4,12580,12628,-31,45
4,12515,12565,-37,34
4,12463,12500,-40,35
4,12424,12438,-31,41
4,12398,12398,-14,33
4,12385,12377,-2,22
4,12386,12369,2,15
4,12400,12369,4,15
4,12427,12378,21,12
4,12467,12414,34,-4
4,12520,12456,39,-8
4,12586,12514,47,-17
4,12665,12577,55,-18
4,12756,12659,64,-26
4,12859,12751,74,-32
4,12973,12859,80,-40
4,13099,12976,84,-45
4,13236,13098,92,-45
4,13383,13238,102,-53
4,13541,13390,107,-60
4,13707,13542,116,-59
4,13883,13717,121,-70
4,14067,13895,125,-74
4,14258,14077,129,-74
4,14457,14271,136,-81
4,14662,14470,140,-83
4,14872,14669,148,-81
4,15088,14888,153,-92
4,15308,15109,150,-96
4,15532,15327,149,-93
4,15758,15548,155,-93
4,15986,15779,156,-99
4,16216,16000,161,-94
4,62,16238,162,-103
4,292,6014,-11565,-169
4,522,-5665,-4656,8285
4,749,-4954,4199,3377
4,974,1586,4283,-2978
4,1196,4165,-30,-3176
4,1413,2237,-2126,22
4,1626,225,-693,1535
4,1834,629,967,514
4,2036,2054,910,-675
4,2230,2659,29,-637
4,2418,2415,-304,-33
4,2597,2193,-13,232
4,2768,2431,287,23
4,2930,2833,254,-192
4,3082,3059,81,-169
4,3223,3118,22,-47
4,3354,3182,76,3
4,3474,3333,127,-42
4,3582,3499,106,-78
4,3679,3612,65,-62
4,3763,3689,50,-35
4,3835,3759,54,-23
4,3894,3831,57,-24
4,3940,3899,48,-29
4,3973,3946,29,-20
4,3993,3967,22,-5
4,4000,3988,17,-3
4,3993,3994,13,0
4,3973,3987,-1,7
4,3940,3966,-10,12
4,3894,3927,-18,22
4,3835,3885,-26,22
4,3763,3824,-39,31
4,3679,3745,-45,41
4,3582,3666,-54,40
4,3474,3564,-64,50
4,3354,3448,-68,60
4,3223,3328,-72,62
4,3082,3199,-80,64
4,2930,3058,-89,69
4,2768,2908,-102,73
4,2597,2735,-104,85
4,2418,2561,-105,89
4,2230,2384,-108,88
4,2036,2199,-116,89
4,1834,2002,-123,96
4,1626,1806,-133,95
4,1413,1587,-136,107
4,1196,1370,-131,109
4,974,1156,-132,106
4,749,936,-139,108
4,522,708,-141,112
4,292,487,-146,108
4,62,249,-147,117
4,16216,14,-140,118
4,15986,10248,11582,177
4,15758,21926,4668,-8274
4,15532,21211,-4188,-3359
4,15308,14937,-4443,2817
4,15088,12082,48,3202
4,14872,14022,2152,-10
4,14662,16046,711,-1529
4,14457,15642,-957,-501
4,14258,14211,-896,694
4,14067,13607,-53,678
4,13883,13851,326,53
4,13707,14086,39,-222
4,13541,13859,-271,-16
4,13383,13457,-239,204
4,13236,13231,-65,185
4,13099,13177,-4,61
4,12973,13112,-57,16
4,12859,12972,-104,53
4,12756,12816,-87,87
4,12665,12706,-48,74
4,12586,12632,-30,48
4,12520,12573,-37,32
4,12467,12501,-39,39
4,12427,12441,-27,40
4,12400,12402,-13,32
4,12386,12381,-3,21
4,12385,12370,2,15
4,12398,12370,2,14
4,12424,12378,19,11
4,12463,12411,33,-3
4,12515,12453,38,-9
4,12580,12508,45,-15
4,12657,12571,54,-18
4,12747,12648,65,-23
4,12849,12745,73,-34
4,12962,12848,78,-38
4,13087,12964,83,-43
4,13223,13086,91,-44
4,13369,13225,102,-53
4,13526,13370,109,-55
4,13692,13532,117,-64
4,13866,13705,119,-72
4,14050,13879,120,-73
4,14240,14058,127,-71
4,14438,14251,135,-78
4,14643,14443,146,-78
4,14853,14660,150,-92
4,15068,14876,144,-95
4,15288,15086,143,-89
4,15511,15302,151,-89
4,15737,15528,156,-95
4,15966,15750,162,-94
4,16195,15988,162,-103
4,41,16221,153,-102
4,272,5986,-11568,-161
4,501,-5691,-4652,8289
4,728,-4974,4204,3373
4,954,1300,4459,-2801
4,1176,4158,-31,-3188
4,1394,2221,-2135,23
4,1607,200,-696,1542
4,1815,604,972,517
4,2018,2041,912,-682
4,2213,2646,70,-663
4,2401,2405,-306,-39
4,2581,2179,-20,232
4,2753,2408,288,29
4,2915,2817,260,-194
4,3068,3050,82,-176
4,3211,3106,18,-47
4,3343,3173,75,1
4,3464,3323,124,-42
4,3573,3484,106,-73
4,3671,3600,70,-62
4,3756,3680,54,-36
4,3829,3752,57,-24
4,3889,3830,56,-29
4,3936,3892,46,-26
4,3971,3941,32,-21
4,3992,3970,19,-8
4,3999,3987,12,-1
4,3994,3987,12,6
4,3975,3987,12,1
4,3943,3976,-8,3
4,3899,3938,-25,18
4,3841,3882,-29,32
4,3770,3822,-30,34
4,3687,3762,-41,29
4,3592,3673,-56,42
4,3484,3571,-62,52
4,3366,3458,-65,59
4,3236,3341,-69,60
4,3095,3215,-79,61
4,2944,3079,-94,63
4,2783,2917,-103,79
4,2613,2747,-101,87
4,2435,2579,-101,85
4,2248,2404,-107,85
4,2054,2221,-119,87
4,1853,2029,-132,91
4,1646,1812,-133,108
4,1433,1600,-125,109
4,1216,1398,-127,99
4,994,1182,-136,102
4,770,956,-141,109
4,542,735,-146,108
4,313,498,-146,117
4,83,266,-140,117
4,16237,40,-138,112
4,16007,10273,11579,175
4,15779,21948,4666,-8274
4,15552,21491,-3955,-3734
4,15328,14947,-4442,2826
4,15108,12098,56,3202
4,14892,14047,2153,-15
4,14681,16068,707,-1529
4,14475,15659,-958,-499
4,14276,14282,-934,660
4,14084,13620,-50,681
4,13899,13866,329,54
4,13723,14105,37,-224
4,13555,13876,-274,-16
4,13397,13469,-243,208
4,13249,13248,-78,188
4,13111,13183,-3,68
4,12984,13121,-52,16
4,12868,12987,-101,48
4,12764,12829,-91,85
4,12672,12714,-54,77
4,12593,12640,-37,51
4,12526,12577,-39,36
4,12471,12505,-38,40
4,12430,12445,-27,40
4,12402,12405,-14,32
4,12386,12384,-5,21
4,12385,12369,4,15
4,12396,12369,4,14
4,12421,12379,18,8
4,12459,12400,31,6
4,12509,12442,45,-5
4,12573,12504,50,-20
4,12649,12564,55,-18
4,12738,12645,62,-27
4,12839,12735,69,-31
4,12951,12837,78,-37
4,13075,12953,83,-43
4,13210,13075,91,-45
4,13356,13208,104,-50
4,13511,13363,110,-62
4,13676,13522,110,-66
4,13850,13684,116,-66
4,14033,13859,122,-70
4,14223,14041,129,-72
4,14420,14227,141,-74
4,14624,14435,143,-86
4,14834,14643,141,-89
4,15049,14851,142,-88
4,15268,15064,148,-89
4,15491,15284,154,-93
4,15717,15503,160,-92
4,15945,15738,161,-101
4,16174,15970,155,-102
4,20,16195,153,-97
4,251,5962,-11564,-160
4,480,-5711,-4650,8287
4,708,-5254,3969,3750
4,933,1290,4458,-2811
4,1156,4140,-39,-3187
4,1374,2195,-2136,29
4,1588,178,-692,1542
4,1797,588,974,513
4,1999,1966,951,-644
4,2196,2634,69,-669
4,2384,2391,-311,-39
4,2565,2157,-21,238
4,2738,2392,290,28
4,2901,2803,260,-195
4,3055,3031,93,-176
4,3198,3099,20,-54
4,3331,3164,71,-1
4,3453,3308,123,-38
4,3564,3472,109,-73
4,3662,3595,70,-66
4,3749,3671,54,-36
4,3823,3747,57,-26
4,3884,3824,55,-28
4,3933,3886,47,-25
4,3968,3938,33,-21
4,3990,3968,20,-10
4,3999,3985,13,-1
4,3995,3985,13,8
4,3978,3985,13,4
4,3947,3977,-5,4
4,3903,3940,-22,18
4,3846,3888,-28,29
4,3777,3830,-34,33
4,3695,3762,-40,35
4,3601,3680,-51,41
4,3495,3582,-60,49
4,3377,3472,-65,56
4,3248,3354,-71,59
4,3108,3229,-83,61
4,2958,3083,-92,71
4,2798,2927,-92,77
4,2629,2768,-97,79
4,2451,2599,-105,83
4,2265,2428,-116,81
4,2072,2239,-123,88
4,1871,2037,-127,99
4,1665,1830,-126,104
4,1453,1625,-126,103
4,1236,1416,-129,102
4,1015,1209,-142,98
4,790,985,-146,103
4,563,747,-147,117
4,334,514,-138,118
4,104,293,-137,110
4,16258,65,-141,110
4,16028,9570,11520,928
4,15799,21675,5180,-8237
4,15573,21501,-3953,-3725
4,15348,14964,-4434,2826
4,15128,12125,59,3194
4,14911,14071,2150,-18
4,14700,16042,800,-1531
4,14494,15737,-920,-577
4,14294,14292,-936,670
4,14101,13633,-47,685
4,13916,13887,332,48
4,13739,14126,34,-227
4,13570,13906,-273,-30
4,13411,13498,-253,199
4,13262,13256,-75,193
4,13123,13197,1,65
4,12995,13137,-53,13
4,12879,13001,-106,47
4,12773,12845,-100,84
4,12680,12722,-56,79
4,12599,12645,-34,52
4,12531,12582,-37,36
4,12476,12512,-39,39
4,12433,12451,-29,40
4,12404,12411,-20,32
4,12387,12382,-4,24
4,12384,12370,4,15
4,12394,12370,4,12
4,12418,12380,16,6
4,12455,12401,26,4
4,12504,12439,40,-4
4,12567,12496,47,-15
4,12642,12559,54,-19
4,12730,12638,60,-26
4,12829,12725,68,-29
4,12941,12826,77,-35
4,13064,12937,87,-39
4,13198,13059,95,-42
4,13342,13200,104,-54
4,13497,13351,105,-61
4,13661,13505,108,-62
4,13834,13667,116,-64
4,14016,13835,127,-64
4,14205,14016,135,-67
4,14402,14216,143,-82
4,14605,14421,140,-89
4,14814,14622,139,-86
4,15029,14828,143,-85
4,15248,15035,156,-84
4,15470,15255,159,-86
4,15696,15491,162,-102
4,15924,15722,153,-102
4,16153,15943,152,-95
4,0,16171,156,-96
4,230,6666,-11505,-913
4,459,-5439,-5165,8252
4,687,-5265,3968,3740
4,913,1273,4451,-2811
4,1136,4116,-42,-3182
4,1354,2171,-2133,32
4,1569,202,-785,1545
4,1778,510,938,590
4,1981,1958,954,-657
4,2178,2623,63,-673
4,2368,2371,-315,-35
4,2549,2141,-18,236
4,2722,2361,287,45
4,2887,2770,270,-183
4,3041,3019,95,-179
4,3186,3087,20,-56
4,3320,3152,71,-1
4,3442,3296,123,-37
4,3554,3456,114,-71
4,3654,3581,74,-64
4,3741,3666,55,-39
4,3816,3742,54,-28
4,3879,3814,54,-25
4,3929,3877,51,-23
4,3965,3932,39,-22
4,3989,3966,24,-13
4,3999,3986,15,-4
4,3996,3986,15,6
4,3980,3986,15,3
4,3950,3980,-4,2
4,3908,3946,-23,16
4,3852,3896,-28,26
4,3784,3835,-33,34
4,3703,3772,-42,33
4,3610,3690,-54,40
4,3505,3590,-61,51
4,3388,3486,-67,53
4,3260,3370,-73,55
4,3121,3234,-83,68
4,2972,3093,-87,72
4,2813,2942,-90,75
4,2645,2783,-98,79
4,2468,2621,-108,78
4,2282,2443,-114,82
4,2089,2248,-122,95
4,1890,2050,-121,100
4,1684,1853,-121,98
4,1472,1651,-130,98
4,1255,1443,-142,100
4,1035,1223,-142,103
4,811,992,-143,115
4,584,765,-137,115
4,355,545,-137,108
4,125,316,-142,110
4,16279,91,-150,109
4,16049,9584,11522,934
4,15820,21686,5187,-8230
4,15593,21525,-3944,-3733
4,15369,14993,-4437,2819
4,15148,12146,53,3197
4,14931,13953,2143,124
4,14719,16060,804,-1531
4,14512,15750,-921,-570
4,14312,14311,-932,667
4,14118,13654,-46,681
4,13932,13907,330,46
4,13754,14135,48,-227
4,13585,13920,-271,-30
4,13425,13507,-255,206
4,13275,13265,-71,196
4,13135,13211,5,62
4,13006,13153,-55,10
4,12889,13016,-110,45
4,12782,12853,-98,85
4,12688,12726,-55,84
4,12606,12651,-31,53
4,12537,12588,-34,35
4,12480,12520,-39,37
4,12436,12460,-35,38
4,12406,12408,-17,37
4,12388,12382,-1,25
4,12384,12373,0,15
4,12393,12373,0,11
4,12415,12373,10,15
4,12451,12391,29,10
4,12499,12431,45,-2
4,12561,12493,50,-19
4,12635,12556,52,-21
4,12721,12632,56,-25
4,12820,12714,66,-26
4,12930,12811,80,-31
4,13052,12926,88,-40
4,13185,13056,93,-50
4,13329,13192,95,-54
4,13482,13333,102,-55
4,13646,13489,111,-62
4,13818,13644,123,-59
4,13999,13821,128,-67
4,14188,14012,133,-79
4,14384,14206,131,-83
4,14586,14400,131,-81
4,14795,14598,139,-81
4,15009,14802,152,-83
4,15228,15018,153,-85
4,15450,15246,156,-96
4,15675,15472,153,-98
4,15903,15693,153,-94
4,16133,15921,156,-96
4,16363,16143,164,-92
4,209,16375,164,-94
4,438,6156,-11558,-168
4,667,-5516,-4651,8280
4,893,-4806,4198,3374
4,1115,1730,4282,-2978
4,1335,4308,-34,-3176
4,1550,2364,-2130,36
4,1759,355,-689,1540
4,1963,763,970,511
4,2160,2188,906,-678
4,2351,2786,22,-637
4,2533,2531,-308,-26
4,2707,2302,-17,240
4,2872,2537,287,27
4,3027,2938,252,-192
4,3173,3157,75,-167
4,3308,3208,16,-43
4,3432,3267,72,5
4,3544,3412,121,-40
4,3645,3569,100,-75
4,3734,3675,58,-59
4,3810,3737,47,-26
4,3874,3800,56,-18
4,3925,3872,55,-25
4,3962,3931,40,-26
4,3987,3966,25,-16
4,3999,3985,14,-5
4,3997,3985,14,7
4,3982,3985,14,5
4,3953,3979,-2,4
4,3912,3946,-20,17
4,3858,3904,-28,22
4,3791,3843,-36,33
4,3711,3772,-39,39
4,3619,3693,-45,41
4,3515,3605,-57,43
4,3399,3495,-68,54
4,3272,3375,-73,61
4,3134,3245,-78,66
4,2986,3107,-82,68
4,2828,2965,-93,68
4,2660,2810,-107,72
4,2484,2630,-112,86
4,2300,2449,-112,91
4,2107,2266,-114,91
4,1908,2072,-121,96
4,1703,1873,-125,98
4,1491,1674,-133,96
4,1275,1454,-140,107
4,1055,1233,-137,111
4,831,1013,-136,110
4,605,792,-139,109
4,376,564,-141,112
4,146,342,-148,108
4,16300,103,-149,118
4,16070,10325,11579,186
4,15841,22004,4671,-8269
4,15614,21294,-4183,-3361
4,15389,14757,-4268,2991
4,15168,12176,43,3192
4,14950,14104,2142,-7
4,14738,16116,708,-1520
4,14531,15712,-951,-498
4,14330,14288,-893,690
4,14135,13686,-15,652
4,13949,13930,317,47
4,13770,14150,30,-216
4,13600,13918,-271,-12
4,13439,13516,-239,204
4,13288,13290,-68,183
4,13148,13230,-6,61
4,13018,13167,-61,12
4,12899,13016,-111,58
4,12792,12855,-91,90
4,12696,12740,-53,79
4,12613,12662,-35,52
4,12543,12599,-40,34
4,12485,12525,-43,40
4,12440,12458,-31,43
4,12408,12416,-19,34
4,12389,12386,-5,25
4,12384,12372,4,15
4,12392,12372,4,10
4,12413,12372,10,15
4,12447,12391,28,8
4,12494,12432,41,-5
4,12554,12490,45,-18
4,12627,12551,46,-20
4,12713,12619,56,-20
4,12810,12697,73,-20
4,12920,12809,83,-40
4,13041,12926,82,-47
4,13172,13045,85,-46
4,13315,13171,94,-46
4,13468,13314,108,-53
4,13630,13468,119,-59
4,13802,13643,121,-73
4,13982,13817,118,-74
4,14170,13992,122,-71
4,14366,14175,134,-72
4,14568,14376,144,-82
4,14776,14578,149,-84
4,14989,14795,148,-93
4,15208,15010,144,-93
4,15430,15224,148,-90
4,15655,15445,156,-93
4,15882,15676,157,-99
4,16112,15897,160,-95
4,16342,16133,162,-102
4,188,16368,155,-103
4,418,6134,-11567,-162
4,646,-5544,-4653,8289
4,872,-4829,4203,3374
4,1095,1445,4458,-2802
4,1315,4298,-34,-3186
4,1530,2358,-2136,25
4,1740,334,-697,1545
4,1945,737,971,518
4,2143,2169,911,-679
4,2334,2771,68,-662
4,2517,2527,-310,-38
4,2692,2293,-24,236
4,2857,2520,284,30
4,3014,2919,253,-188
4,3160,3143,79,-168
4,3296,3196,21,-46
4,3421,3262,72,-2
4,3535,3399,118,-37
4,3636,3555,101,-70
4,3726,3664,61,-58
4,3804,3735,46,-32
4,3869,3795,53,-17
4,3921,3867,54,-25
4,3960,3926,40,-25
4,3985,3963,27,-16
4,3998,3984,16,-7
4,3998,3991,15,0
4,3984,3991,15,0
4,3957,3985,-5,2
4,3916,3949,-21,19
4,3863,3907,-28,23
4,3797,3846,-33,34
4,3719,3783,-39,34
4,3628,3706,-50,38
4,3525,3608,-59,50
4,3410,3505,-64,52
4,3284,3387,-71,59
4,3147,3261,-79,63
4,3000,3121,-86,69
4,2843,2978,-95,70
4,2676,2816,-103,79
4,2500,2642,-105,87
4,2317,2467,-107,87
4,2125,2287,-112,86
4,1927,2093,-121,93
4,1722,1900,-131,93
4,1511,1683,-135,107
4,1295,1467,-129,109
4,1075,1254,-130,106
4,852,1037,-136,106
4,625,813,-140,109
4,397,591,-147,108
4,167,353,-147,118
4,16321,120,-140,117
4,16091,10353,11581,178
4,15862,22029,4668,-8272
4,15634,21314,-4188,-3358
4,15409,15040,-4443,2816
4,15188,12183,46,3203
4,14970,14120,2151,-7
4,14757,16144,712,-1530
4,14549,15741,-958,-505
4,14348,14302,-900,697
4,14153,13696,-53,679
4,13965,13939,323,53
4,13786,14167,35,-219
4,13615,13936,-273,-13
4,13454,13530,-243,207
4,13302,13299,-69,190
4,13160,13242,-4,62
4,13029,13176,-59,14
4,12909,13027,-109,57
4,12801,12866,-91,89
4,12704,12751,-54,77
4,12620,12672,-38,51
4,12548,12603,-41,38
4,12489,12526,-41,43
4,12443,12464,-31,41
4,12410,12417,-16,34
4,12390,12396,-10,19
4,12384,12375,-6,18
4,12390,12366,6,15
4,12410,12378,16,4
4,12443,12399,22,0
4,12489,12432,31,-4
4,12548,12474,42,-6
4,12620,12536,55,-15
4,12704,12614,64,-26
4,12801,12704,67,-33
4,12909,12801,71,-35
4,13029,12904,83,-36
4,13160,13027,94,-45
4,13302,13165,98,-54
4,13454,13301,107,-52
4,13615,13461,115,-64
4,13786,13627,115,-69
4,13965,13796,119,-69
4,14153,13974,125,-71
4,14348,14163,132,-76
4,14549,14353,143,-76
4,14757,14566,146,-90
4,14970,14777,142,-91
4,15188,14989,144,-91
4,15409,15205,149,-91
4,15634,15425,155,-93
4,15862,15647,162,-94
4,16091,15885,160,-103
4,16321,16117,153,-102
4,167,16340,153,-95
4,397,6108,-11563,-159
4,625,-5565,-4650,8287
4,852,-5110,3969,3751
4,1075,1434,4458,-2811
4,1295,4283,-41,-3187
4,1511,2334,-2138,30
4,1722,313,-692,1544
4,1927,722,973,514
4,2125,2095,950,-643
4,2317,2760,67,-668
4,2500,2513,-316,-38
4,2676,2272,-24,240
4,2843,2501,288,31
4,3000,2906,257,-191
4,3147,3127,92,-173
4,3284,3191,18,-53
4,3410,3253,67,-2
4,3525,3387,116,-35
4,3628,3545,104,-72
4,3719,3658,65,-62
4,3797,3728,47,-32
4,3863,3791,52,-20
4,3916,3859,53,-22
4,3957,3919,42,-24
4,3984,3960,30,-18
4,3998,3981,19,-6
4,3998,3993,11,0
4,3985,3993,11,0
4,3960,3983,-5,5
4,3921,3950,-17,19
4,3869,3908,-22,24
4,3804,3855,-29,29
4,3726,3796,-41,29
4,3636,3714,-54,39
4,3535,3615,-59,51
4,3421,3513,-61,53
4,3296,3399,-68,56
4,3160,3276,-79,60
4,3014,3141,-92,65
4,2857,2983,-95,79
4,2692,2824,-95,81
4,2517,2662,-101,81
4,2334,2487,-108,84
4,2143,2302,-116,90
4,1945,2115,-124,90
4,1740,1909,-128,100
4,1530,1701,-128,103
4,1315,1489,-130,106
4,1095,1275,-132,106
4,872,1056,-136,107
4,646,841,-145,104
4,418,603,-149,118
4,188,368,-140,120
4,16342,147,-138,110
4,16112,10379,11578,174
4,15882,22052,4665,-8272
4,15655,21594,-3955,-3734
4,15430,15050,-4442,2826
4,15208,12201,55,3202
4,14989,14148,2152,-16
4,14776,16164,704,-1527
4,14568,15753,-959,-497
4,14366,14375,-936,661
4,14170,13708,-53,685
4,13982,13952,327,55
4,13802,14187,36,-223
4,13630,13953,-275,-13
4,13468,13544,-245,209
4,13315,13316,-78,191
4,13172,13248,-5,70
4,13041,13183,-56,17
4,12920,13041,-106,53
4,12810,12880,-94,87
4,12713,12757,-55,81
4,12627,12682,-38,50
4,12554,12607,-40,40
4,12494,12531,-39,43
4,12447,12470,-30,39
4,12413,12422,-18,34
4,12392,12392,-5,24
4,12384,12375,2,16
4,12389,12375,2,8
4,12408,12375,2,13
4,12440,12384,22,13
4,12485,12422,41,-2
4,12543,12481,46,-19
4,12613,12540,46,-20
4,12696,12603,56,-18
4,12792,12685,71,-24
4,12899,12788,81,-36
4,13018,12904,82,-46
4,13148,13022,84,-46
4,13288,13140,99,-41
4,13439,13291,110,-58
4,13600,13450,110,-66
4,13770,13609,111,-64
4,13949,13778,120,-68
4,14135,13957,127,-71
4,14330,14140,138,-74
4,14531,14344,143,-85
4,14738,14551,139,-89
4,14950,14753,141,-85
4,15168,14966,146,-89
4,15389,15184,151,-91
4,15614,15397,160,-88
4,15841,15635,164,-103
4,16070,15869,154,-105
4,16300,16090,151,-95
4,146,16316,156,-94
4,376,6088,-11562,-161
4,605,-5294,-5164,8252
4,831,-5119,3969,3740
4,1055,1418,4450,-2812
4,1275,4258,-45,-3180
4,1491,2309,-2137,35
4,1703,293,-689,1543
4,1908,644,938,590
4,2107,2090,951,-657
4,2300,2748,58,-670
4,2484,2490,-318,-31
4,2660,2250,-20,244
4,2828,2486,292,28
4,2986,2879,269,-185
4,3134,3121,89,-179
4,3272,3180,12,-52
4,3399,3236,66,3
4,3515,3371,120,-32
4,3619,3532,110,-72
4,3711,3649,70,-65
4,3791,3725,47,-37
4,3858,3788,48,-21
4,3912,3851,53,-19
4,3953,3913,46,-24
4,3982,3955,34,-19
4,3997,3983,20,-11
4,3999,3992,11,0
4,3987,3992,11,2
4,3962,3982,-3,7
4,3925,3961,-16,9
4,3874,3919,-28,20
4,3810,3861,-36,31
4,3734,3791,-39,39
4,3645,3714,-42,41
4,3544,3632,-54,40
4,3432,3529,-69,50
4,3308,3409,-74,60
4,3173,3286,-80,62
4,3027,3147,-85,69
4,2872,2999,-90,73
4,2707,2842,-97,79
4,2533,2677,-103,82
4,2351,2501,-108,86
4,2160,2327,-118,83
4,1963,2127,-127,97
4,1759,1922,-125,104
4,1550,1721,-125,101
4,1335,1513,-129,102
4,1115,1297,-135,106
4,893,1086,-144,101
4,667,850,-147,117
4,438,619,-138,117
4,209,398,-138,109
4,16363,169,-142,111
4,16133,10396,11578,178
4,15903,21779,5181,-8236
4,15675,21606,-3952,-3727
4,15450,15068,-4436,2825
4,15228,12225,57,3197
4,15009,14170,2150,-17
4,14795,16181,703,-1523
4,14586,15832,-921,-576
4,14384,14384,-938,671
4,14188,13722,-47,686
4,13999,13974,330,49
4,13818,14204,33,-221
4,13646,13966,-274,-11
4,13482,13576,-254,197
4,13329,13329,-80,193
4,13185,13261,-5,71
4,13052,13196,-56,17
4,12930,13052,-106,53
4,12820,12890,-95,88
4,12721,12770,-59,80
4,12635,12686,-39,55
4,12561,12614,-38,40
4,12499,12540,-39,41
4,12451,12477,-34,39
4,12415,12423,-19,38
4,12393,12394,-6,24
4,12384,12375,1,18
4,12388,12375,1,9
4,12406,12375,1,13
4,12436,12382,21,14
4,12480,12419,39,-2
4,12537,12473,46,-16
4,12606,12535,46,-21
4,12688,12598,54,-19
4,12782,12679,67,-24
4,12889,12779,77,-35
4,13006,12893,81,-44
4,13135,13005,87,-42
4,13275,13138,96,-51
4,13425,13279,103,-55
4,13585,13432,108,-61
4,13754,13593,114,-65
4,13932,13763,120,-69
4,14118,13934,130,-67
4,14312,14129,138,-80
4,14512,14329,138,-86
4,14719,14529,138,-86
4,14931,14733,143,-85
4,15148,14947,147,-89
4,15369,15156,157,-86
4,15593,15390,159,-100
4,15820,15617,152,-100
4,16049,15837,152,-93
4,16279,16066,157,-95
4,125,16300,159,-100
4,355,6798,-11507,-919
4,584,-5304,-5172,8245
4,811,-5143,3959,3748
4,1035,1389,4452,-2804
4,1255,4236,-38,-3182
4,1472,2295,-2135,28
4,1684,319,-789,1548
4,1890,631,938,584
4,2089,2072,946,-655
4,2282,2727,58,-667
4,2468,2470,-315,-30
4,2645,2240,-18,237
4,2813,2457,286,45
4,2972,2870,269,-191
4,3121,3111,85,-181
4,3260,3165,8,-48
4,3388,3220,67,7
4,3505,3361,123,-34
4,3610,3519,113,-70
4,3703,3644,68,-68
4,3784,3717,44,-36
4,3852,3779,49,-19
4,3908,3847,54,-22
4,3950,3909,47,-24
4,3980,3954,31,-19
4,3996,3975,22,-6
4,3999,3992,12,-2
4,3989,3992,12,1
4,3965,3983,-2,7
4,3929,3962,-14,10
4,3879,3923,-26,19
4,3816,3863,-34,33
4,3741,3800,-38,35
4,3654,3723,-44,40
4,3554,3640,-53,41
4,3442,3538,-67,50
4,3320,3423,-75,57
4,3186,3291,-78,68
4,3041,3155,-79,71
4,2887,3015,-86,69
4,2722,2861,-95,74
4,2549,2695,-105,80
4,2368,2524,-115,83
4,2178,2332,-117,95
4,1981,2139,-115,97
4,1778,1945,-119,96
4,1569,1745,-127,97
4,1354,1532,-133,104
4,1136,1323,-140,101
4,913,1092,-141,115
4,687,869,-137,113
4,459,648,-138,108
4,230,419,-142,111
4,0,188,-143,114
4,16153,-34,-149,109
4,15924,10185,11573,182
4,15696,21855,4666,-8264
4,15470,21145,-4182,-3358
4,15248,14613,-4264,2989
4,15029,12049,246,3076
4,14814,13976,2145,-19
4,14605,15986,705,-1524
4,14402,15580,-954,-498
4,14205,14155,-891,693
4,14016,13557,-7,652
4,13834,13833,326,20
4,13661,14043,32,-225
4,13497,13809,-272,-12
4,13342,13410,-236,205
4,13198,13192,-60,180
4,13064,13141,-1,58
4,12941,13078,-55,14
4,12829,12949,-105,45
4,12730,12788,-93,88
4,12642,12675,-50,80
4,12567,12606,-25,49
4,12504,12550,-29,32
4,12455,12488,-35,34
4,12418,12432,-26,36
4,12394,12393,-13,32
4,12384,12373,0,21
4,12387,12373,0,11
4,12404,12373,0,14
4,12433,12379,21,15
4,12476,12414,40,-1
4,12531,12471,45,-17
4,12599,12530,42,-20
4,12680,12591,52,-18
4,12773,12672,65,-24
4,12879,12770,74,-34
4,12995,12874,83,-36
4,13123,12996,90,-46
4,13262,13128,94,-52
4,13411,13267,99,-54
4,13570,13415,107,-57
4,13739,13576,116,-64
4,13916,13741,126,-65
4,14101,13928,130,-77
4,14294,14117,129,-80
4,14494,14308,132,-80
4,14700,14507,139,-82
4,14911,14714,144,-86
4,15128,14919,153,-84
4,15348,15147,155,-96
4,15573,15368,152,-96
4,15799,15591,154,-95
4,16028,15819,156,-98
4,16258,16050,156,-100
4,104,16271,161,-93
4,334,6051,-11561,-166
4,563,-5621,-4651,8281
4,790,-4911,4198,3375
4,1015,1626,4283,-2977
4,1236,4191,-228,-3062
4,1453,2268,-2127,32
4,1665,264,-688,1533
4,1871,671,966,511
4,2072,2094,906,-676
4,2265,2694,28,-636
4,2451,2429,-306,-11
4,2629,2221,-14,237
4,2798,2461,290,23
4,2958,2866,255,-195
4,3108,3088,78,-169
4,3248,3143,20,-45
4,3377,3210,75,1
4,3495,3351,124,-36
4,3601,3516,108,-75
4,3695,3631,68,-64
4,3777,3708,48,-37
4,3846,3771,52,-20
4,3903,3843,54,-24
4,3947,3903,48,-24
4,3978,3953,31,-21
4,3995,3974,21,-6
4,3999,3991,12,-2
4,3990,3991,12,2
4,3968,3982,-1,9
4,3933,3962,-10,11
4,3884,3923,-21,21
4,3823,3871,-29,28
4,3749,3809,-38,33
4,3662,3732,-44,39
4,3564,3649,-55,41
4,3453,3551,-68,47
4,3331,3430,-75,61
4,3198,3304,-76,65
4,3055,3170,-79,68
4,2901,3029,-87,70
4,2738,2873,-96,76
4,2565,2718,-108,74
4,2384,2533,-116,90
4,2196,2345,-113,96
4,2000,2159,-113,94
4,1797,1966,-120,94
4,1588,1764,-129,98
4,1374,1559,-139,99
4,1156,1331,-139,113
4,933,1111,-133,112
4,708,893,-134,107
4,480,672,-142,107
4,251,437,-145,116
4,20,214,-147,111
4,16174,-24,-147,118
4,15945,10200,11580,184
4,15717,21880,4672,-8271
4,15491,21171,-4182,-3363
4,15268,14636,-4268,2989
4,15049,12055,43,3192
4,14834,13985,2144,-8
4,14624,16000,711,-1521
4,14420,15601,-952,-501
4,14223,14176,-893,691
4,14033,13576,-10,652
4,13850,13826,323,46
4,13676,14052,32,-218
4,13511,13823,-268,-13
4,13356,13428,-237,202
4,13210,13205,-64,183
4,13075,13151,-3,61
4,12951,13091,-55,12
4,12839,12955,-104,48
4,12738,12797,-89,87
4,12649,12687,-48,75
4,12573,12617,-29,47
4,12509,12555,-33,35
4,12459,12495,-38,33
4,12421,12434,-29,40
4,12396,12395,-12,32
4,12385,12375,0,21
4,12386,12375,0,10
4,12402,12375,0,11
4,12430,12380,18,13
4,12471,12414,36,-2
4,12526,12462,41,-11
4,12593,12521,46,-18
4,12672,12584,55,-18
4,12764,12666,64,-26
4,12868,12758,75,-31
4,12984,12869,81,-41
4,13111,12987,86,-46
4,13249,13113,94,-49
4,13397,13253,101,-54
4,13555,13404,108,-61
4,13723,13556,116,-59
4,13899,13731,123,-69
4,14084,13911,126,-75
4,14276,14096,130,-77
4,14475,14290,134,-81
4,14681,14488,138,-82
4,14892,14686,149,-79
4,15108,14907,157,-93
4,15328,15131,152,-99
4,15552,15350,148,-96
4,15779,15569,151,-92
4,16007,15795,156,-94
4,16237,16017,164,-92
4,83,16257,167,-103
4,313,6037,-11565,-171
4,542,-5645,-4657,8287
4,770,-4934,4199,3377
4,994,1606,4284,-2978
4,1216,4186,-30,-3177
4,1433,2257,-2127,23
4,1646,245,-693,1535
4,1853,649,967,514
4,2054,2074,908,-675
4,2248,2676,30,-637
4,2435,2432,-303,-32
4,2613,2211,-14,231
4,2783,2445,285,26
4,2944,2846,253,-189
4,3095,3071,83,-168
4,3236,3131,21,-46
4,3366,3194,76,4
4,3484,3345,127,-42
4,3592,3509,105,-77
4,3687,3622,65,-62
4,3770,3698,48,-35
4,3841,3761,56,-19
4,3899,3837,60,-26
4,3943,3907,46,-31
4,3975,3947,29,-18
4,3994,3968,23,-4
4,3999,3989,18,-4
4,3992,3993,13,0
4,3971,3986,-1,7
4,3936,3965,-11,12
4,3889,3925,-21,22
4,3829,3876,-27,27
4,3756,3815,-37,33
4,3671,3738,-43,40
4,3573,3659,-54,39
4,3464,3556,-66,50
4,3343,3438,-70,61
4,3211,3317,-73,63
4,3068,3186,-80,65
4,2915,3044,-90,69
4,2753,2892,-102,74
4,2581,2719,-104,86
4,2401,2545,-105,89
4,2213,2367,-109,89
4,2018,2180,-116,91
4,1815,1984,-123,96
4,1607,1788,-133,94
4,1394,1569,-138,107
4,1176,1350,-132,110
4,954,1135,-131,107
4,728,916,-137,107
4,501,688,-141,111
4,272,466,-147,109
4,41,228,-147,118
4,16195,-7,-140,118
4,15966,10227,11582,177
4,15737,21905,4669,-8273
4,15511,21191,-4187,-3360
4,15288,14918,-4444,2815
4,15068,12062,47,3203
4,14853,14002,2152,-10
4,14643,16027,712,-1530
4,14438,15624,-956,-503
4,14240,14192,-896,694
4,14050,13590,-53,677
4,13866,13834,326,53
4,13692,14069,39,-222
4,13526,13842,-269,-15
4,13369,13442,-238,203
4,13223,13218,-64,183
4,13087,13165,-6,61
4,12962,13099,-57,17
4,12849,12962,-103,52
4,12747,12806,-86,86
4,12657,12697,-46,73
4,12580,12626,-31,47
4,12515,12566,-37,33
4,12463,12496,-39,39
4,12424,12437,-26,39
4,12398,12399,-13,32
4,12385,12378,-2,21
4,12386,12369,2,15
4,12400,12369,4,15
4,12427,12379,21,11
4,12467,12415,34,-5
4,12520,12457,39,-9
4,12586,12514,46,-17
4,12665,12577,55,-18
4,12756,12655,66,-23
4,12859,12753,75,-34
4,12973,12857,81,-38
4,13099,12975,86,-45
4,13236,13101,94,-49
4,13383,13240,100,-54
4,13541,13383,110,-55
4,13707,13546,120,-65
4,13883,13721,120,-74
4,14067,13896,121,-73
4,14258,14075,127,-71
4,14457,14268,135,-77
4,14662,14460,148,-77
4,14872,14679,151,-92
4,15088,14895,145,-95
4,15308,15109,144,-93
4,15532,15325,149,-91
4,15758,15546,157,-92
4,15986,15768,164,-92
4,16216,16008,163,-103
4,62,16242,154,-103
4,292,6007,-11568,-161
4,522,-5672,-4654,8291
4,749,-4955,4204,3375
4,974,1320,4461,-2801
4,1196,4179,-29,-3190
4,1413,2243,-2136,21
4,1626,218,-698,1544
4,1834,618,973,522
4,2036,2059,917,-683
4,2230,2667,69,-665
4,2418,2424,-310,-39
4,2597,2193,-21,236
4,2768,2422,289,31
4,2930,2832,260,-194
4,3082,3065,82,-176
4,3223,3121,17,-47
4,3354,3186,72,1
4,3474,3333,123,-40
4,3582,3494,106,-73
4,3679,3609,69,-61
4,3763,3688,54,-36
4,3835,3760,56,-25
4,3894,3836,54,-28
4,3940,3897,44,-25
4,3973,3939,37,-17
4,3993,3974,25,-13
4,4000,3991,12,-4
4,3993,3991,12,3
4,3973,3991,5,0
4,3940,3972,-12,7
4,3894,3932,-24,20
4,3835,3877,-29,32
4,3763,3816,-31,35
4,3679,3756,-43,29
4,3582,3663,-58,45
4,3474,3560,-63,54
4,3354,3449,-64,57
4,3223,3331,-71,59
4,3082,3198,-81,66
4,2930,3063,-93,66
4,2768,2901,-101,80
4,2597,2733,-101,86
4,2418,2563,-102,85
4,2230,2387,-108,85
4,2036,2201,-118,88
4,1834,2010,-130,91
4,1626,1796,-133,105
4,1413,1584,-128,106
4,1196,1372,-130,106
4,974,1158,-133,105
4,749,937,-141,108
4,522,715,-148,108
4,292,477,-146,118
4,62,245,-140,117
4,16216,19,-138,112
4,15986,10252,11579,175
4,15758,21927,4666,-8274
4,15532,21470,-3955,-3734
4,15308,14926,-4440,2826
4,15088,12079,56,3201
4,14872,14028,2153,-16
4,14662,16047,706,-1528
4,14457,15640,-957,-499
4,14258,14267,-937,659
4,14067,13599,-53,686
4,13883,13850,331,52
4,13707,14091,38,-227
4,13541,13861,-275,-16
4,13383,13454,-242,208
4,13236,13233,-76,188
4,13099,13169,-1,68
4,12973,13110,-51,15
4,12859,12976,-100,47
4,12756,12820,-89,84
4,12665,12706,-52,76
4,12586,12633,-35,50
4,12520,12570,-38,35
4,12467,12500,-38,39
4,12427,12441,-26,39
4,12400,12402,-13,32
4,12386,12381,-3,21
4,12385,12370,2,15
4,12398,12370,2,14
4,12424,12378,19,11
4,12463,12411,33,-3
4,12515,12453,38,-9
4,12580,12508,45,-15
4,12657,12568,55,-15
4,12747,12650,66,-26
4,12849,12746,71,-34
4,12962,12848,77,-37
4,13087,12963,83,-42
4,13223,13086,93,-45
4,13369,13220,106,-50
4,13526,13377,110,-63
4,13692,13536,110,-65
4,13866,13698,118,-65
4,14050,13874,124,-70
4,14240,14061,131,-76
4,14438,14247,137,-75
4,14643,14450,144,-84
4,14853,14663,144,-92
4,15068,14872,141,-89
4,15288,15084,145,-88
4,15511,15303,153,-91
4,15737,15522,161,-91
4,15966,15759,161,-102
4,16195,15991,155,-102
4,41,16216,153,-97
4,272,5983,-11564,-160
4,501,-5690,-4650,8287
4,728,-5233,3969,3750
4,954,1311,4457,-2811
4,1176,4160,-38,-3187
4,1394,2217,-2138,28
4,1607,196,-692,1544
4,1815,606,974,514
4,2018,1984,951,-644
4,2213,2653,70,-670
4,2401,2410,-312,-41
4,2581,2175,-23,238
4,2753,2405,290,31
4,2915,2816,262,-194
4,3068,3045,93,-176
4,3211,3113,20,-55
4,3343,3178,71,-2
4,3464,3322,121,-39
4,3573,3483,108,-73
4,3671,3603,69,-64
4,3756,3678,55,-34
4,3829,3755,56,-27
4,3889,3830,53,-27
4,3936,3891,45,-24
4,3971,3939,33,-19
4,3992,3970,21,-9
4,3999,3988,14,-3
4,3994,3988,14,4
4,3975,3988,13,0
4,3943,3977,-9,3
4,3899,3938,-26,18
4,3841,3881,-29,33
4,3770,3823,-31,34
4,3687,3760,-42,31
4,3592,3673,-55,42
4,3484,3571,-62,52
4,3366,3458,-65,59
4,3236,3341,-69,60
4,3095,3220,-82,57
4,2944,3071,-93,71
4,2783,2913,-95,79
4,2613,2752,-98,80
4,2435,2583,-104,82
4,2248,2405,-111,86
4,2054,2223,-123,87
4,1853,2019,-128,99
4,1646,1811,-125,105
4,1433,1609,-126,100
4,1216,1396,-133,104
4,994,1177,-136,107
4,770,964,-145,103
4,542,728,-148,116
4,313,494,-139,118
4,83,273,-138,109
4,16237,44,-142,110
4,16007,10271,11578,177
4,15779,21653,5180,-8236
4,15552,21480,-3952,-3725
4,15328,14943,-4434,2826
4,15108,12104,59,3195
4,14892,14052,2151,-19
4,14681,16067,704,-1527
4,14475,15718,-920,-577
4,14276,14273,-936,670
4,14084,13614,-45,685
4,13899,13871,334,46
4,13723,14112,35,-230
4,13555,13875,-277,-13
4,13397,13482,-254,200
4,13249,13240,-74,194
4,13111,13181,3,67
4,12984,13125,-51,12
4,12868,12990,-105,47
4,12764,12829,-95,87
4,12672,12712,-55,80
4,12593,12636,-32,52
4,12526,12573,-33,37
4,12471,12510,-37,35
4,12430,12448,-31,39
4,12402,12406,-19,34
4,12386,12379,-4,25
4,12385,12369,4,15
4,12396,12369,4,14
4,12421,12379,18,8
4,12459,12400,31,6
4,12509,12442,45,-5
4,12573,12501,52,-18
4,12649,12569,53,-22
4,12738,12646,58,-26
4,12839,12729,70,-26
4,12951,12832,84,-35
4,13075,12952,89,-45
4,13210,13075,95,-47
4,13356,13214,100,-54
4,13511,13362,105,-58
4,13676,13519,112,-64
4,13850,13684,118,-67
4,14033,13860,123,-71
4,14223,14034,134,-68
4,14420,14234,142,-82
4,14624,14439,140,-89
4,14834,14640,140,-86
4,15049,14849,144,-87
4,15268,15065,150,-91
4,15491,15276,158,-87
4,15717,15511,161,-100
4,15945,15743,153,-102
4,16174,15964,152,-95
4,20,16192,156,-96
4,251,5962,-11562,-161
4,480,-5420,-5164,8253
4,708,-5245,3970,3740
4,933,1297,4451,-2814
4,1156,4137,-44,-3182
4,1374,2191,-2135,33
4,1588,180,-688,1538
4,1797,529,936,591
4,1999,1977,953,-656
4,2196,2639,62,-671
4,2384,2387,-315,-33
4,2565,2157,-18,236
4,2738,2395,289,26
4,2901,2786,270,-183
4,3055,3033,94,-179
4,3198,3101,20,-56
4,3331,3166,70,-3
4,3453,3308,121,-37
4,3564,3470,111,-72
4,3662,3593,75,-66
4,3749,3677,52,-41
4,3823,3745,53,-22
4,3884,3821,56,-26
4,3933,3884,50,-25
4,3968,3939,34,-23
4,3990,3968,21,-10
4,3999,3986,13,-2
4,3995,3986,13,7
4,3978,3986,13,3
4,3947,3978,-5,3
4,3903,3941,-22,17
4,3846,3891,-29,27
4,3777,3829,-34,34
4,3695,3761,-39,36
4,3601,3680,-51,41
4,3495,3582,-60,49
4,3377,3472,-65,56
4,3248,3359,-74,55
4,3108,3223,-84,67
4,2958,3081,-88,71
4,2798,2929,-92,75
4,2629,2769,-100,79
4,2451,2597,-105,85
4,2265,2426,-115,83
4,2072,2231,-123,96
4,1871,2032,-121,101
4,1665,1834,-122,98
4,1453,1631,-129,99
4,1236,1415,-135,106
4,1015,1205,-141,102
4,790,974,-143,113
4,563,744,-139,116
4,334,523,-138,109
4,104,294,-142,111
4,16258,63,-143,113
4,16028,9567,11520,931
4,15799,21664,5184,-8228
4,15573,21500,-3942,-3730
4,15348,14971,-4433,2819
4,15128,12126,54,3195
4,14911,14067,2150,-14
4,14700,16040,804,-1531
4,14494,15730,-920,-570
4,14294,14292,-930,667
4,14101,13637,-44,679
4,13916,13892,328,45
4,13739,14119,33,-219
4,13570,13906,-270,-32
4,13411,13493,-256,205
4,13262,13251,-72,196
4,13123,13197,5,63
4,12995,13140,-53,10
4,12879,13000,-106,48
4,12773,12845,-99,84
4,12680,12717,-56,84
4,12599,12643,-29,52
4,12531,12581,-33,35
4,12476,12518,-41,34
4,12433,12450,-33,43
4,12404,12405,-15,36
4,12387,12384,-3,22
4,12384,12371,2,15
4,12394,12371,2,12
4,12418,12379,16,7
4,12455,12400,27,5
4,12504,12438,42,-4
4,12567,12499,48,-19
4,12642,12562,51,-20
4,12730,12637,57,-23
4,12829,12720,70,-25
4,12941,12823,82,-35
4,13064,12938,90,-42
4,13198,13070,93,-52
4,13342,13206,94,-55
4,13497,13346,101,-54
4,13661,13502,111,-60
4,13834,13668,120,-67
4,14016,13839,129,-69
4,14205,14030,132,-80
4,14402,14223,129,-82
4,14605,14416,134,-81
4,14814,14616,142,-82
4,15029,14829,148,-89
4,15248,15038,155,-86
4,15470,15269,156,-99
4,15696,15492,152,-98
4,15924,15713,153,-93
4,16153,15942,157,-96
4,0,16173,158,-99
4,230,6669,-11505,-916
4,459,-5428,-5169,8243
4,687,-5264,3957,3745
4,913,1266,4449,-2803
4,1136,4111,-37,-3179
4,1354,2173,-2131,29
4,1569,203,-787,1545
4,1778,516,940,583
4,1981,1962,949,-658
4,2178,2619,61,-668
4,2368,2367,-314,-32
4,2549,2140,-15,236
4,2722,2362,289,43
4,2887,2779,273,-193
4,3041,3024,90,-182
4,3186,3084,15,-50
4,3320,3148,73,2
4,3442,3298,125,-40
4,3554,3459,113,-73
4,3654,3587,71,-68
4,3741,3666,51,-37
4,3816,3738,55,-24
4,3879,3815,56,-27
4,3929,3883,48,-28
4,3965,3933,34,-21
4,3989,3964,21,-9
4,3999,3985,16,-4
4,3996,3992,15,0
4,3980,3992,9,0
4,3950,3980,-8,4
4,3908,3944,-23,18
4,3852,3892,-28,30
4,3784,3833,-29,34
4,3703,3771,-39,33
4,3610,3690,-52,39
4,3505,3590,-60,50
4,3388,3485,-68,54
4,3260,3365,-74,60
4,3121,3233,-79,67
4,2972,3094,-84,69
4,2813,2946,-92,72
4,2645,2785,-101,79
4,2468,2620,-110,80
4,2282,2435,-115,91
4,2089,2244,-115,96
4,1890,2052,-117,96
4,1684,1855,-123,97
4,1472,1648,-129,101
4,1255,1443,-139,99
4,1035,1215,-141,111
4,811,992,-137,112
4,584,772,-137,108
4,355,544,-141,111
4,125,313,-142,113
4,16279,91,-149,109
4,16049,10310,11573,183
4,15820,21980,4666,-8264
4,15593,21270,-4183,-3358
4,15369,14734,-4267,2993
4,15148,12170,246,3076
4,14931,14097,2144,-21
4,14719,16102,702,-1522
4,14512,15693,-957,-495
4,14312,14266,-894,693
4,14118,13665,-11,653
4,13932,13933,323,24
4,13754,14141,30,-224
4,13585,13901,-276,-9
4,13425,13495,-241,211
4,13275,13271,-63,186
4,13135,13217,-4,60
4,13006,13151,-59,14
4,12889,13010,-109,51
4,12782,12845,-92,90
4,12688,12730,-53,79
4,12606,12653,-33,52
4,12537,12590,-37,35
4,12480,12518,-39,39
4,12436,12458,-33,39
4,12406,12408,-16,36
4,12388,12387,-5,22
4,12384,12371,4,15
4,12393,12371,4,11
4,12415,12371,14,15
4,12451,12391,31,9
4,12499,12433,45,-4
4,12561,12495,49,-20
4,12635,12558,50,-22
4,12721,12630,56,-23
4,12820,12712,68,-25
4,12930,12809,84,-31
4,13052,12931,90,-46
4,13185,13057,91,-50
4,13329,13191,94,-53
4,13482,13332,103,-54
4,13646,13489,112,-63
4,13818,13647,122,-62
4,13999,13827,127,-72
4,14188,14013,129,-78
4,14384,14203,130,-80
4,14586,14397,135,-80
4,14795,14597,143,-82
4,15009,14802,153,-83
4,15228,15030,154,-98
4,15450,15250,148,-96
4,15675,15468,149,-92
4,15903,15689,157,-92
4,16133,15924,160,-101
4,16363,16148,163,-96
4,209,16386,161,-103
4,438,6159,-11565,-167
4,667,-5520,-4655,8286
4,893,-4809,4199,3377
4,1115,1730,4282,-2978
4,1335,4308,-34,-3176
4,1550,2373,-2129,27
4,1759,359,-694,1538
4,1963,761,968,514
4,2160,2186,907,-676
4,2351,2785,24,-637
4,2533,2535,-308,-30
4,2707,2309,-17,233
4,2872,2538,283,28
4,3027,2933,252,-187
4,3173,3156,79,-168
4,3308,3210,18,-46
4,3432,3270,70,3
4,3544,3406,119,-33
4,3645,3564,104,-72
4,3734,3674,63,-60
4,3810,3744,44,-32
4,3874,3806,48,-20
4,3925,3866,53,-18
4,3962,3927,45,-24
4,3987,3967,28,-19
4,3999,3986,14,-6
4,3997,3986,14,6
4,3982,3986,14,4
4,3953,3980,-3,4
4,3912,3946,-20,17
4,3858,3904,-28,22
4,3791,3843,-36,33
4,3711,3772,-39,39
4,3619,3693,-45,41
4,3515,3605,-57,43
4,3399,3495,-68,54
4,3272,3375,-73,61
4,3134,3245,-78,66
4,2986,3107,-82,68
4,2828,2965,-93,68
4,2660,2810,-107,72
4,2484,2630,-112,86
4,2300,2449,-112,91
4,2107,2266,-114,91
4,1908,2072,-121,96
4,1703,1873,-125,98
4,1491,1674,-133,96
4,1275,1454,-140,107
4,1055,1233,-137,111
4,831,1013,-136,110
4,605,792,-139,109
4,376,564,-141,112
4,146,342,-148,108
4,16300,103,-149,118
4,16070,10325,11579,186
4,15841,22004,4671,-8269
4,15614,21294,-4183,-3361
4,15389,14757,-4268,2991
4,15168,12176,43,3192
4,14950,14104,2142,-7
4,14738,16116,708,-1520
4,14531,15712,-951,-498
4,14330,14288,-893,690
4,14135,13686,-15,652
4,13949,13930,317,47
4,13770,14150,30,-216
4,13600,13918,-271,-12
4,13439,13516,-239,204
4,13288,13290,-68,183
4,13148,13230,-6,61
4,13018,13167,-61,12
4,12899,13016,-111,58
4,12792,12855,-91,90
4,12696,12740,-53,79
4,12613,12662,-35,52
4,12543,12599,-40,34
4,12485,12525,-43,40
4,12440,12458,-31,43
4,12408,12416,-19,34
4,12389,12386,-5,25
4,12384,12372,4,15
4,12392,12372,4,10
4,12413,12372,10,15
4,12447,12391,28,8
4,12494,12432,41,-5
4,12554,12490,45,-18
4,12627,12551,46,-20
4,12713,12619,56,-20
4,12810,12697,73,-20
4,12920,12809,83,-40
4,13041,12926,82,-47
4,13172,13045,85,-46
4,13315,13171,94,-46
4,13468,13314,108,-53
4,13630,13468,119,-59
4,13802,13643,121,-73
4,13982,13817,118,-74
4,14170,13992,122,-71
4,14366,14175,134,-72
4,14568,14376,144,-82
4,14776,14578,149,-84
4,14989,14795,148,-93
4,15208,15010,144,-93
4,15430,15224,148,-90
4,15655,15445,156,-93
4,15882,15676,157,-99
4,16112,15897,160,-95
4,16342,16133,162,-102
4,188,16368,155,-103
4,418,6134,-11567,-162
4,646,-5544,-4653,8289
4,872,-4829,4203,3374
4,1095,1445,4458,-2802
4,1315,4298,-34,-3186
4,1530,2358,-2136,25
4,1740,334,-697,1545
4,1945,737,971,518
4,2143,2169,911,-679
4,2334,2771,68,-662
4,2517,2527,-310,-38
4,2692,2293,-24,236
4,2857,2520,284,30
4,3014,2919,253,-188
4,3160,3143,79,-168
4,3296,3196,21,-46
4,3421,3262,72,-2
4,3535,3399,118,-37
4,3636,3555,101,-70
4,3726,3664,61,-58
4,3804,3735,46,-32
4,3869,3795,53,-17
4,3921,3867,54,-25
4,3960,3926,40,-25
4,3985,3963,27,-16
4,3998,3984,16,-7
4,3998,3991,15,0
4,3984,3991,15,0
4,3957,3985,-5,2
4,3916,3949,-21,19
4,3863,3907,-28,23
4,3797,3846,-33,34
4,3719,3783,-39,34
4,3628,3706,-50,38
4,3525,3608,-59,50
4,3410,3505,-64,52
4,3284,3387,-71,59
4,3147,3261,-79,63
4,3000,3121,-86,69
4,2843,2978,-95,70
4,2676,2816,-103,79
4,2500,2642,-105,87
4,2317,2467,-107,87
4,2125,2287,-112,86
4,1927,2093,-121,93
4,1722,1900,-131,93
4,1511,1683,-135,107
4,1295,1467,-129,109
4,1075,1254,-130,106
4,852,1037,-136,106
4,625,813,-140,109
4,397,591,-147,108
4,167,353,-147,118
4,16321,120,-140,117
4,16091,10353,11581,178
4,15862,22029,4668,-8272
4,15634,21314,-4188,-3358
4,15409,15040,-4443,2816
4,15188,12183,46,3203
4,14970,14120,2151,-7
4,14757,16144,712,-1530
4,14549,15741,-958,-505
4,14348,14302,-900,697
4,14153,13696,-53,679
4,13965,13939,323,53
4,13786,14167,35,-219
4,13615,13936,-273,-13
4,13454,13530,-243,207
4,13302,13299,-69,190
4,13160,13242,-4,62
4,13029,13176,-59,14
4,12909,13027,-109,57
4,12801,12866,-91,89
4,12704,12751,-54,77
4,12620,12672,-38,51
4,12548,12603,-41,38
4,12489,12526,-41,43
4,12443,12464,-31,41
4,12410,12417,-16,34
4,12390,12396,-10,19
4,12384,12375,-6,18
4,12390,12366,6,15
4,12410,12378,16,4
4,12443,12399,22,0
4,12489,12432,31,-4
4,12548,12474,42,-6
4,12620,12536,55,-15
4,12704,12614,64,-26
4,12801,12704,67,-33
4,12909,12801,71,-35
4,13029,12904,83,-36
4,13160,13027,94,-45
4,13302,13165,98,-54
4,13454,13301,107,-52
4,13615,13461,115,-64
4,13786,13627,115,-69
4,13965,13796,119,-69
4,14153,13974,125,-71
4,14348,14163,132,-76
4,14549,14353,143,-76
4,14757,14566,146,-90
4,14970,14777,142,-91
4,15188,14989,144,-91
4,15409,15205,149,-91
4,15634,15425,155,-93
4,15862,15647,162,-94
4,16091,15885,160,-103
4,16321,16117,153,-102
4,167,16340,153,-95
4,397,6108,-11563,-159
4,625,-5565,-4650,8287
4,852,-5110,3969,3751
4,1075,1434,4458,-2811
4,1295,4283,-41,-3187
4,1511,2334,-2138,30
4,1722,313,-692,1544
4,1927,722,973,514
4,2125,2095,950,-643
4,2317,2760,67,-668
4,2500,2513,-316,-38
4,2676,2272,-24,240
4,2843,2501,288,31
4,3000,2906,257,-191
4,3147,3127,92,-173
4,3284,3191,18,-53
4,3410,3253,67,-2
4,3525,3387,116,-35
4,3628,3545,104,-72
4,3719,3658,65,-62
4,3797,3728,47,-32
4,3863,3791,52,-20
4,3916,3859,53,-22
4,3957,3919,42,-24
4,3984,3960,30,-18
4,3998,3981,19,-6
4,3998,3993,11,0
4,3985,3993,11,0
4,3960,3983,-5,5
4,3921,3950,-17,19
4,3869,3908,-22,24
4,3804,3855,-29,29
4,3726,3796,-41,29
4,3636,3714,-54,39
4,3535,3615,-59,51
4,3421,3513,-61,53
4,3296,3399,-68,56
4,3160,3276,-79,60
4,3014,3141,-92,65
4,2857,2983,-95,79
4,2692,2824,-95,81
4,2517,2662,-101,81
4,2334,2487,-108,84
4,2143,2302,-116,90
4,1945,2115,-124,90
4,1740,1909,-128,100
4,1530,1701,-128,103
4,1315,1489,-130,106
4,1095,1275,-132,106
4,872,1056,-136,107
4,646,841,-145,104
4,418,603,-149,118
4,188,368,-140,120
4,16342,147,-138,110
4,16112,10379,11578,174
4,15882,22052,4665,-8272
4,15655,21594,-3955,-3734
4,15430,15050,-4442,2826
4,15208,12201,55,3202
4,14989,14148,2152,-16
4,14776,16164,704,-1527
4,14568,15753,-959,-497
4,14366,14375,-936,661
4,14170,13708,-53,685
4,13982,13952,327,55
4,13802,14187,36,-223
4,13630,13953,-275,-13
4,13468,13544,-245,209
4,13315,13316,-78,191
4,13172,13248,-5,70
4,13041,13183,-56,17
4,12920,13041,-106,53
4,12810,12880,-94,87
4,12713,12757,-55,81
4,12627,12682,-38,50
4,12554,12607,-40,40
4,12494,12531,-39,43
4,12447,12470,-30,39
4,12413,12422,-18,34
4,12392,12392,-5,24
4,12384,12375,2,16
4,12389,12375,2,8
4,12408,12375,2,13
4,12440,12384,22,13
4,12485,12422,41,-2
4,12543,12481,46,-19
4,12613,12540,46,-20
4,12696,12603,56,-18
4,12792,12685,71,-24
4,12899,12788,81,-36
4,13018,12904,82,-46
4,13148,13022,84,-46
4,13288,13140,99,-41
4,13439,13291,110,-58
4,13600,13450,110,-66
4,13770,13609,111,-64
4,13949,13778,120,-68
4,14135,13957,127,-71
4,14330,14140,138,-74
4,14531,14344,143,-85
4,14738,14551,139,-89
4,14950,14753,141,-85
4,15168,14966,146,-89
4,15389,15184,151,-91
4,15614,15397,160,-88
4,15841,15635,164,-103
4,16070,15869,154,-105
4,16300,16090,151,-95
4,146,16316,156,-94
4,376,6088,-11562,-161
4,605,-5294,-5164,8252
4,831,-5119,3969,3740
4,1055,1418,4450,-2812
4,1275,4258,-45,-3180
4,1491,2309,-2137,35
4,1703,293,-689,1543
4,1908,644,938,590
4,2107,2090,951,-657
4,2300,2748,58,-670
4,2484,2490,-318,-31
4,2660,2250,-20,244
4,2828,2486,292,28
4,2986,2879,269,-185
4,3134,3121,89,-179
4,3272,3180,12,-52
4,3399,3236,66,3
4,3515,3371,120,-32
4,3619,3532,110,-72
4,3711,3649,70,-65
4,3791,3725,47,-37
4,3858,3788,48,-21
4,3912,3851,53,-19
4,3953,3913,46,-24
4,3982,3955,34,-19
4,3997,3983,20,-11
4,3999,3992,11,0
4,3987,3992,11,2
4,3962,3982,-3,7
4,3925,3961,-16,9
4,3874,3919,-28,20
4,3810,3861,-36,31
4,3734,3791,-39,39
4,3645,3714,-42,41
4,3544,3632,-54,40
4,3432,3529,-69,50
4,3308,3409,-74,60
4,3173,3286,-80,62
4,3027,3147,-85,69
4,2872,2999,-90,73
4,2707,2842,-97,79
4,2533,2677,-103,82
4,2351,2501,-108,86
4,2160,2327,-118,83
4,1963,2127,-127,97
4,1759,1922,-125,104
4,1550,1721,-125,101
4,1335,1513,-129,102
4,1115,1297,-135,106
4,893,1086,-144,101
4,667,850,-147,117
4,438,619,-138,117
4,209,398,-138,109
4,16363,169,-142,111
4,16133,10396,11578,178
4,15903,21779,5181,-8236
4,15675,21606,-3952,-3727
4,15450,15068,-4436,2825
4,15228,12225,57,3197
4,15009,14170,2150,-17
4,14795,16181,703,-1523
4,14586,15832,-921,-576
4,14384,14384,-938,671
4,14188,13722,-47,686
4,13999,13974,330,49
4,13818,14204,33,-221
4,13646,13966,-274,-11
4,13482,13576,-254,197
4,13329,13329,-80,193
4,13185,13261,-5,71
4,13052,13196,-56,17
4,12930,13052,-106,53
4,12820,12890,-95,88
4,12721,12770,-59,80
4,12635,12686,-39,55
4,12561,12614,-38,40
4,12499,12540,-39,41
4,12451,12477,-34,39
4,12415,12423,-19,38
4,12393,12394,-6,24
4,12384,12375,1,18
4,12388,12375,1,9
4,12406,12375,1,13
4,12436,12382,21,14
4,12480,12419,39,-2
4,12537,12473,46,-16
4,12606,12535,46,-21
4,12688,12598,54,-19
4,12782,12679,67,-24
4,12889,12779,77,-35
4,13006,12893,81,-44
4,13135,13005,87,-42
4,13275,13138,96,-51
4,13425,13279,103,-55
4,13585,13432,108,-61
4,13754,13593,114,-65
4,13932,13763,120,-69
4,14118,13934,130,-67
4,14312,14129,138,-80
4,14512,14329,138,-86
4,14719,14529,138,-86
4,14931,14733,143,-85
4,15148,14947,147,-89
4,15369,15156,157,-86
4,15593,15390,159,-100
4,15820,15617,152,-100
4,16049,15837,152,-93
4,16279,16066,157,-95
4,125,16300,159,-100
4,355,6798,-11507,-919
4,584,-5304,-5172,8245
4,811,-5143,3959,3748
4,1035,1389,4452,-2804
4,1255,4236,-38,-3182
4,1472,2295,-2135,28
4,1684,319,-789,1548
4,1890,631,938,584
4,2089,2072,946,-655
4,2282,2727,58,-667
4,2468,2470,-315,-30
4,2645,2240,-18,237
4,2813,2457,286,45
4,2972,2870,269,-191
4,3121,3111,85,-181
4,3260,3165,8,-48
4,3388,3220,67,7
4,3505,3361,123,-34
4,3610,3519,113,-70
4,3703,3644,68,-68
4,3784,3717,44,-36
4,3852,3779,49,-19
4,3908,3847,54,-22
4,3950,3909,47,-24
4,3980,3954,31,-19
4,3996,3975,22,-6
4,3999,3992,12,-2
4,3989,3992,12,1
4,3965,3983,-2,7
4,3929,3962,-14,10
4,3879,3923,-26,19
4,3816,3863,-34,33
4,3741,3800,-38,35
4,3654,3723,-44,40
4,3554,3640,-53,41
4,3442,3538,-67,50
4,3320,3423,-75,57
4,3186,3291,-78,68
4,3041,3155,-79,71
4,2887,3015,-86,69
4,2722,2861,-95,74
4,2549,2695,-105,80
4,2368,2524,-115,83
4,2178,2332,-117,95
4,1981,2139,-115,97
4,1778,1945,-119,96
4,1569,1745,-127,97
4,1354,1532,-133,104
4,1136,1323,-140,101
4,913,1092,-141,115
4,687,869,-137,113
4,459,648,-138,108
4,230,419,-142,111
4,0,188,-143,114
4,16153,-34,-149,109
4,15924,10185,11573,182
4,15696,21855,4666,-8264
4,15470,21145,-4182,-3358
4,15248,14613,-4264,2989
4,15029,12049,246,3076
4,14814,13976,2145,-19
4,14605,15986,705,-1524
4,14402,15580,-954,-498
4,14205,14155,-891,693
4,14016,13557,-7,652
4,13834,13833,326,20
4,13661,14043,32,-225
4,13497,13809,-272,-12
4,13342,13410,-236,205
4,13198,13192,-60,180
4,13064,13141,-1,58
4,12941,13078,-55,14
4,12829,12949,-105,45
4,12730,12788,-93,88
4,12642,12675,-50,80
4,12567,12606,-25,49
4,12504,12550,-29,32
4,12455,12488,-35,34
4,12418,12432,-26,36
4,12394,12393,-13,32
4,12384,12373,0,21
4,12387,12373,0,11
4,12404,12373,0,14
4,12433,12379,21,15
4,12476,12414,40,-1
4,12531,12471,45,-17
4,12599,12530,42,-20
4,12680,12591,52,-18
4,12773,12672,65,-24
4,12879,12770,74,-34
4,12995,12874,83,-36
4,13123,12996,90,-46
4,13262,13128,94,-52
4,13411,13267,99,-54
4,13570,13415,107,-57
4,13739,13576,116,-64
4,13916,13741,126,-65
4,14101,13928,130,-77
4,14294,14117,129,-80
4,14494,14308,132,-80
4,14700,14507,139,-82
4,14911,14714,144,-86
4,15128,14919,153,-84
4,15348,15147,155,-96
4,15573,15368,152,-96
4,15799,15591,154,-95
4,16028,15819,156,-98
4,16258,16050,156,-100
4,104,16271,161,-93
4,334,6051,-11561,-166
4,563,-5621,-4651,8281
4,790,-4911,4198,3375
4,1015,1626,4283,-2977
4,1236,4191,-228,-3062
4,1453,2268,-2127,32
4,1665,264,-688,1533
4,1871,671,966,511
4,2072,2094,906,-676
4,2265,2694,28,-636
4,2451,2429,-306,-11
4,2629,2221,-14,237
4,2798,2461,290,23
4,2958,2866,255,-195
4,3108,3088,78,-169
4,3248,3143,20,-45
4,3377,3210,75,1
4,3495,3351,124,-36
4,3601,3516,108,-75
4,3695,3631,68,-64
4,3777,3708,48,-37
4,3846,3771,52,-20
4,3903,3843,54,-24
4,3947,3903,48,-24
4,3978,3953,31,-21
4,3995,3974,21,-6
4,3999,3991,12,-2
4,3990,3991,12,2
4,3968,3982,-1,9
4,3933,3962,-10,11
4,3884,3923,-21,21
4,3823,3871,-29,28
4,3749,3809,-38,33
4,3662,3732,-44,39
4,3564,3649,-55,41
4,3453,3551,-68,47
4,3331,3430,-75,61
4,3198,3304,-76,65
4,3055,3170,-79,68
4,2901,3029,-87,70
4,2738,2873,-96,76
4,2565,2718,-108,74
4,2384,2533,-116,90
4,2196,2345,-113,96
4,2000,2159,-113,94
4,1797,1966,-120,94
4,1588,1764,-129,98
4,1374,1559,-139,99
4,1156,1331,-139,113
4,933,1111,-133,112
4,708,893,-134,107
4,480,672,-142,107
4,251,437,-145,116
4,20,214,-147,111
4,16174,-24,-147,118
4,15945,10200,11580,184
4,15717,21880,4672,-8271
4,15491,21171,-4182,-3363
4,15268,14636,-4268,2989
4,15049,12055,43,3192
4,14834,13985,2144,-8
4,14624,16000,711,-1521
4,14420,15601,-952,-501
4,14223,14176,-893,691
4,14033,13576,-10,652
4,13850,13826,323,46
4,13676,14052,32,-218
4,13511,13823,-268,-13
4,13356,13428,-237,202
4,13210,13205,-64,183
4,13075,13151,-3,61
4,12951,13091,-55,12
4,12839,12955,-104,48
4,12738,12797,-89,87
4,12649,12687,-48,75
4,12573,12617,-29,47
4,12509,12555,-33,35
4,12459,12495,-38,33
4,12421,12434,-29,40
4,12396,12395,-12,32
4,12385,12375,0,21
4,12386,12375,0,10
4,12402,12375,0,11
4,12430,12380,18,13
4,12471,12414,36,-2
4,12526,12462,41,-11
4,12593,12521,46,-18
4,12672,12584,55,-18
4,12764,12666,64,-26
4,12868,12758,75,-31
4,12984,12869,81,-41
4,13111,12987,86,-46
4,13249,13113,94,-49
4,13397,13253,101,-54
4,13555,13404,108,-61
4,13723,13556,116,-59
4,13899,13731,123,-69
4,14084,13911,126,-75
4,14276,14096,130,-77
4,14475,14290,134,-81
4,14681,14488,138,-82
4,14892,14686,149,-79
4,15108,14907,157,-93
4,15328,15131,152,-99
4,15552,15350,148,-96
4,15779,15569,151,-92
4,16007,15795,156,-94
4,16237,16017,164,-92
4,83,16257,167,-103
4,313,6037,-11565,-171
4,542,-5645,-4657,8287
4,770,-4934,4199,3377
4,994,1606,4284,-2978
4,1216,4186,-30,-3177
4,1433,2257,-2127,23
4,1646,245,-693,1535
4,1853,649,967,514
4,2054,2074,908,-675
4,2248,2676,30,-637
4,2435,2432,-303,-32
4,2613,2211,-14,231
4,2783,2445,285,26
4,2944,2846,253,-189
4,3095,3071,83,-168
4,3236,3131,21,-46
4,3366,3194,76,4
4,3484,3345,127,-42
4,3592,3509,105,-77
4,3687,3622,65,-62
4,3770,3698,48,-35
4,3841,3761,56,-19
4,3899,3837,60,-26
4,3943,3907,46,-31
4,3975,3947,29,-18
4,3994,3968,23,-4
4,3999,3989,18,-4
4,3992,3993,13,0
4,3971,3986,-1,7
4,3936,3965,-11,12
4,3889,3925,-21,22
4,3829,3876,-27,27
4,3756,3815,-37,33
4,3671,3738,-43,40
4,3573,3659,-54,39
4,3464,3556,-66,50
4,3343,3438,-70,61
4,3211,3317,-73,63
4,3068,3186,-80,65
4,2915,3044,-90,69
4,2753,2892,-102,74
4,2581,2719,-104,86
4,2401,2545,-105,89
4,2213,2367,-109,89
4,2018,2180,-116,91
4,1815,1984,-123,96
4,1607,1788,-133,94
4,1394,1569,-138,107
4,1176,1350,-132,110
4,954,1135,-131,107
4,728,916,-137,107
4,501,688,-141,111
4,272,466,-147,109
4,41,228,-147,118
4,16195,-7,-140,118
4,15966,10227,11582,177
4,15737,21905,4669,-8273
4,15511,21191,-4187,-3360
4,15288,14918,-4444,2815
4,15068,12062,47,3203
4,14853,14002,2152,-10
4,14643,16027,712,-1530
4,14438,15624,-956,-503
4,14240,14192,-896,694
4,14050,13590,-53,677
4,13866,13834,326,53
4,13692,14069,39,-222
4,13526,13842,-269,-15
4,13369,13442,-238,203
4,13223,13218,-64,183
4,13087,13165,-6,61
4,12962,13099,-57,17
4,12849,12962,-103,52
4,12747,12806,-86,86
4,12657,12697,-46,73
4,12580,12626,-31,47
4,12515,12566,-37,33
4,12463,12496,-39,39
4,12424,12437,-26,39
4,12398,12399,-13,32
4,12385,12378,-2,21
4,12386,12369,2,15
4,12400,12369,4,15
4,12427,12379,21,11
4,12467,12415,34,-5
4,12520,12457,39,-9
4,12586,12514,46,-17
4,12665,12577,55,-18
4,12756,12655,66,-23
4,12859,12753,75,-34
4,12973,12857,81,-38
4,13099,12975,86,-45
4,13236,13101,94,-49
4,13383,13240,100,-54
4,13541,13383,110,-55
4,13707,13546,120,-65
4,13883,13721,120,-74
4,14067,13896,121,-73
4,14258,14075,127,-71
4,14457,14268,135,-77
4,14662,14460,148,-77
4,14872,14679,151,-92
4,15088,14895,145,-95
4,15308,15109,144,-93
4,15532,15325,149,-91
4,15758,15546,157,-92
4,15986,15768,164,-92
4,16216,16008,163,-103
4,62,16242,154,-103
4,292,6007,-11568,-161
4,522,-5672,-4654,8291
4,749,-4955,4204,3375
4,974,1320,4461,-2801
4,1196,4179,-29,-3190
4,1413,2243,-2136,21
4,1626,218,-698,1544
4,1834,618,973,522
4,2036,2059,917,-683
4,2230,2667,69,-665
4,2418,2424,-310,-39
4,2597,2193,-21,236
4,2768,2422,289,31
4,2930,2832,260,-194
4,3082,3065,82,-176
4,3223,3121,17,-47
4,3354,3186,72,1
4,3474,3333,123,-40
4,3582,3494,106,-73
4,3679,3609,69,-61
4,3763,3688,54,-36
4,3835,3760,56,-25
4,3894,3836,54,-28
4,3940,3897,44,-25
4,3973,3939,37,-17
4,3993,3974,25,-13
4,4000,3991,12,-4
4,3993,3991,12,3
4,3973,3991,5,0
4,3940,3972,-12,7
4,3894,3932,-24,20
4,3835,3877,-29,32
4,3763,3816,-31,35
4,3679,3756,-43,29
4,3582,3663,-58,45
4,3474,3560,-63,54
4,3354,3449,-64,57
4,3223,3331,-71,59
4,3082,3198,-81,66
4,2930,3063,-93,66
4,2768,2901,-101,80
4,2597,2733,-101,86
4,2418,2563,-102,85
4,2230,2387,-108,85
4,2036,2201,-118,88
4,1834,2010,-130,91
4,1626,1796,-133,105
4,1413,1584,-128,106
4,1196,1372,-130,106
4,974,1158,-133,105
4,749,937,-141,108
4,522,715,-148,108
4,292,477,-146,118
4,62,245,-140,117
4,16216,19,-138,112
4,15986,10252,11579,175
4,15758,21927,4666,-8274
4,15532,21470,-3955,-3734
4,15308,14926,-4440,2826
4,15088,12079,56,3201
4,14872,14028,2153,-16
4,14662,16047,706,-1528
4,14457,15640,-957,-499
4,14258,14267,-937,659
4,14067,13599,-53,686
4,13883,13850,331,52
4,13707,14091,38,-227
4,13541,13861,-275,-16
4,13383,13454,-242,208
4,13236,13233,-76,188
4,13099,13169,-1,68
4,12973,13110,-51,15
4,12859,12976,-100,47
4,12756,12820,-89,84
4,12665,12706,-52,76
4,12586,12633,-35,50
4,12520,12570,-38,35
4,12467,12500,-38,39
4,12427,12441,-26,39
4,12400,12402,-13,32
4,12386,12381,-3,21
4,12385,12370,2,15
4,12398,12370,2,14
4,12424,12378,19,11
4,12463,12411,33,-3
4,12515,12453,38,-9
4,12580,12508,45,-15
4,12657,12568,55,-15
4,12747,12650,66,-26
4,12849,12746,71,-34
4,12962,12848,77,-37
4,13087,12963,83,-42
4,13223,13086,93,-45
4,13369,13220,106,-50
4,13526,13377,110,-63
4,13692,13536,110,-65
4,13866,13698,118,-65
4,14050,13874,124,-70
4,14240,14061,131,-76
4,14438,14247,137,-75
4,14643,14450,144,-84
4,14853,14663,144,-92
4,15068,14872,141,-89
4,15288,15084,145,-88
4,15511,15303,153,-91
4,15737,15522,161,-91
4,15966,15759,161,-102
4,16195,15991,155,-102
4,41,16216,153,-97
4,272,5983,-11564,-160
4,501,-5690,-4650,8287
4,728,-5233,3969,3750
4,954,1311,4457,-2811
4,1176,4160,-38,-3187
4,1394,2217,-2138,28
4,1607,196,-692,1544
4,1815,606,974,514
4,2018,1984,951,-644
4,2213,2653,70,-670
4,2401,2410,-312,-41
4,2581,2175,-23,238
4,2753,2405,290,31
4,2915,2816,262,-194
4,3068,3045,93,-176
4,3211,3113,20,-55
4,3343,3178,71,-2
4,3464,3322,121,-39
4,3573,3483,108,-73
4,3671,3603,69,-64
4,3756,3678,55,-34
4,3829,3755,56,-27
4,3889,3830,53,-27
4,3936,3891,45,-24
4,3971,3939,33,-19
4,3992,3970,21,-9
4,3999,3988,14,-3
4,3994,3988,14,4
4,3975,3988,13,0
4,3943,3977,-9,3
4,3899,3938,-26,18
4,3841,3881,-29,33
4,3770,3823,-31,34
4,3687,3760,-42,31
4,3592,3673,-55,42
4,3484,3571,-62,52
4,3366,3458,-65,59
4,3236,3341,-69,60
4,3095,3220,-82,57
4,2944,3071,-93,71
4,2783,2913,-95,79
4,2613,2752,-98,80
4,2435,2583,-104,82
4,2248,2405,-111,86
4,2054,2223,-123,87
4,1853,2019,-128,99
4,1646,1811,-125,105
4,1433,1609,-126,100
4,1216,1396,-133,104
4,994,1177,-136,107
4,770,964,-145,103
4,542,728,-148,116
4,313,494,-139,118
4,83,273,-138,109
4,16237,44,-142,110
4,16007,10271,11578,177
4,15779,21653,5180,-8236
4,15552,21480,-3952,-3725
4,15328,14943,-4434,2826
4,15108,12104,59,3195
4,14892,14052,2151,-19
4,14681,16067,704,-1527
4,14475,15718,-920,-577
4,14276,14273,-936,670
4,14084,13614,-45,685
4,13899,13871,334,46
4,13723,14112,35,-230
4,13555,13875,-277,-13
4,13397,13482,-254,200
4,13249,13240,-74,194
4,13111,13181,3,67
4,12984,13125,-51,12
4,12868,12990,-105,47
4,12764,12829,-95,87
4,12672,12712,-55,80
4,12593,12636,-32,52
4,12526,12573,-33,37
4,12471,12510,-37,35
4,12430,12448,-31,39
4,12402,12406,-19,34
4,12386,12379,-4,25
4,12385,12369,4,15
4,12396,12369,4,14
4,12421,12379,18,8
4,12459,12400,31,6
4,12509,12442,45,-5
4,12573,12501,52,-18
4,12649,12569,53,-22
4,12738,12646,58,-26
4,12839,12729,70,-26
4,12951,12832,84,-35
4,13075,12952,89,-45
4,13210,13075,95,-47
4,13356,13214,100,-54
4,13511,13362,105,-58
4,13676,13519,112,-64
4,13850,13684,118,-67
4,14033,13860,123,-71
4,14223,14034,134,-68
4,14420,14234,142,-82
4,14624,14439,140,-89
4,14834,14640,140,-86
4,15049,14849,144,-87
4,15268,15065,150,-91
4,15491,15276,158,-87
4,15717,15511,161,-100
4,15945,15743,153,-102
4,16174,15964,152,-95
4,20,16192,156,-96
4,251,5962,-11562,-161
4,480,-5420,-5164,8253
4,708,-5245,3970,3740
4,933,1297,4451,-2814
4,1156,4137,-44,-3182
4,1374,2191,-2135,33
4,1588,180,-688,1538
4,1797,529,936,591
4,1999,1977,953,-656
4,2196,2639,62,-671
4,2384,2387,-315,-33
4,2565,2157,-18,236
4,2738,2395,289,26
4,2901,2786,270,-183
4,3055,3033,94,-179
4,3198,3101,20,-56
4,3331,3166,70,-3
4,3453,3308,121,-37
4,3564,3470,111,-72
4,3662,3593,75,-66
4,3749,3677,52,-41
4,3823,3745,53,-22
4,3884,3821,56,-26
4,3933,3884,50,-25
4,3968,3939,34,-23
4,3990,3968,21,-10
4,3999,3986,13,-2
4,3995,3986,13,7
4,3978,3986,13,3
4,3947,3978,-5,3
4,3903,3941,-22,17
4,3846,3891,-29,27
4,3777,3829,-34,34
4,3695,3761,-39,36
4,3601,3680,-51,41
4,3495,3582,-60,49
4,3377,3472,-65,56
4,3248,3359,-74,55
4,3108,3223,-84,67
4,2958,3081,-88,71
4,2798,2929,-92,75
4,2629,2769,-100,79
4,2451,2597,-105,85
4,2265,2426,-115,83
4,2072,2231,-123,96
4,1871,2032,-121,101
4,1665,1834,-122,98
4,1453,1631,-129,99
4,1236,1415,-135,106
4,1015,1205,-141,102
4,790,974,-143,113
4,563,744,-139,116
4,334,523,-138,109
4,104,294,-142,111
4,16258,63,-143,113
4,16028,9567,11520,931
4,15799,21664,5184,-8228
4,15573,21500,-3942,-3730
4,15348,14971,-4433,2819
4,15128,12126,54,3195
4,14911,14067,2150,-14
4,14700,16040,804,-1531
4,14494,15730,-920,-570
4,14294,14292,-930,667
4,14101,13637,-44,679
4,13916,13892,328,45
4,13739,14119,33,-219
4,13570,13906,-270,-32
4,13411,13493,-256,205
4,13262,13251,-72,196
4,13123,13197,5,63
4,12995,13140,-53,10
4,12879,13000,-106,48
4,12773,12845,-99,84
4,12680,12717,-56,84
4,12599,12643,-29,52
4,12531,12581,-33,35
4,12476,12518,-41,34
4,12433,12450,-33,43
4,12404,12405,-15,36
4,12387,12384,-3,22
4,12384,12371,2,15
4,12394,12371,2,12
4,12418,12379,16,7
4,12455,12400,27,5
4,12504,12438,42,-4
4,12567,12499,48,-19
4,12642,12562,51,-20
4,12730,12637,57,-23
4,12829,12720,70,-25
4,12941,12823,82,-35
4,13064,12938,90,-42
4,13198,13070,93,-52
4,13342,13206,94,-55
4,13497,13346,101,-54
4,13661,13502,111,-60
4,13834,13668,120,-67
4,14016,13839,129,-69
4,14205,14030,132,-80
4,14402,14223,129,-82
4,14605,14416,134,-81
4,14814,14616,142,-82
4,15029,14829,148,-89
4,15248,15038,155,-86
4,15470,15269,156,-99
4,15696,15492,152,-98
4,15924,15713,153,-93
4,16153,15942,157,-96
4,0,16173,158,-99
4,230,6669,-11505,-916
4,459,-5428,-5169,8243
4,687,-5264,3957,3745
4,913,1266,4449,-2803
4,1136,4111,-37,-3179
4,1354,2173,-2131,29
4,1569,203,-787,1545
4,1778,516,940,583
4,1981,1962,949,-658
4,2178,2619,61,-668
4,2368,2367,-314,-32
4,2549,2140,-15,236
4,2722,2362,289,43
4,2887,2779,273,-193
4,3041,3024,90,-182
4,3186,3084,15,-50
4,3320,3148,73,2
4,3442,3298,125,-40
4,3554,3459,113,-73
4,3654,3587,71,-68
4,3741,3666,51,-37
4,3816,3738,55,-24
4,3879,3815,56,-27
4,3929,3883,48,-28
4,3965,3933,34,-21
4,3989,3964,21,-9
4,3999,3985,16,-4
4,3996,3992,15,0
4,3980,3992,9,0
4,3950,3980,-8,4
4,3908,3944,-23,18
4,3852,3892,-28,30
4,3784,3833,-29,34
4,3703,3771,-39,33
4,3610,3690,-52,39
4,3505,3590,-60,50
4,3388,3485,-68,54
4,3260,3365,-74,60
4,3121,3233,-79,67
4,2972,3094,-84,69
4,2813,2946,-92,72
4,2645,2785,-101,79
4,2468,2620,-110,80
4,2282,2435,-115,91
4,2089,2244,-115,96
4,1890,2052,-117,96
4,1684,1855,-123,97
4,1472,1648,-129,101
4,1255,1443,-139,99
4,1035,1215,-141,111
4,811,992,-137,112
4,584,772,-137,108
4,355,544,-141,111
4,125,313,-142,113
4,16279,91,-149,109
4,16049,10310,11573,183
4,15820,21980,4666,-8264
4,15593,21270,-4183,-3358
4,15369,14734,-4267,2993
4,15148,12170,246,3076
4,14931,14097,2144,-21
4,14719,16102,702,-1522
4,14512,15693,-957,-495
4,14312,14266,-894,693
4,14118,13665,-11,653
4,13932,13933,323,24
4,13754,14141,30,-224
4,13585,13901,-276,-9
4,13425,13495,-241,211
4,13275,13271,-63,186
4,13135,13217,-4,60
4,13006,13151,-59,14
4,12889,13010,-109,51
4,12782,12845,-92,90
4,12688,12730,-53,79
4,12606,12653,-33,52
4,12537,12590,-37,35
4,12480,12518,-39,39
4,12436,12458,-33,39
4,12406,12408,-16,36
4,12388,12387,-5,22
4,12384,12371,4,15
4,12393,12371,4,11
4,12415,12371,14,15
4,12451,12391,31,9
4,12499,12433,45,-4
4,12561,12495,49,-20
4,12635,12558,50,-22
4,12721,12630,56,-23
4,12820,12712,68,-25
4,12930,12809,84,-31
4,13052,12931,90,-46
4,13185,13057,91,-50
4,13329,13191,94,-53
4,13482,13332,103,-54
4,13646,13489,112,-63
4,13818,13647,122,-62
4,13999,13827,127,-72
4,14188,14013,129,-78
4,14384,14203,130,-80
4,14586,14397,135,-80
4,14795,14597,143,-82
4,15009,14802,153,-83
4,15228,15030,154,-98
4,15450,15250,148,-96
4,15675,15468,149,-92
4,15903,15689,157,-92
4,16133,15924,160,-101
4,16363,16148,163,-96
4,209,16386,161,-103
4,438,6159,-11565,-167
4,667,-5520,-4655,8286
4,893,-4809,4199,3377
4,1115,1730,4282,-2978
4,1335,4308,-34,-3176
4,1550,2373,-2129,27
4,1759,359,-694,1538
4,1963,761,968,514
4,2160,2186,907,-676
4,2351,2785,24,-637
4,2533,2535,-308,-30
4,2707,2309,-17,233
4,2872,2538,283,28
4,3027,2933,252,-187
4,3173,3156,79,-168
4,3308,3210,18,-46
4,3432,3270,70,3
4,3544,3406,119,-33
4,3645,3564,104,-72
4,3734,3674,63,-60
4,3810,3744,44,-32
4,3874,3806,48,-20
4,3925,3866,53,-18
4,3962,3927,45,-24
4,3987,3967,28,-19
4,3999,3986,14,-6
4,3997,3986,14,6
4,3982,3986,14,4
4,3953,3980,-3,4
4,3912,3946,-20,17
4,3858,3904,-28,22
4,3791,3843,-36,33
4,3711,3772,-39,39
4,3619,3693,-45,41
4,3515,3605,-57,43
4,3399,3495,-68,54
4,3272,3375,-73,61
4,3134,3245,-78,66
4,2986,3107,-82,68
4,2828,2965,-93,68
4,2660,2810,-107,72
4,2484,2630,-112,86
4,2300,2449,-112,91
4,2107,2266,-114,91
4,1908,2072,-121,96
4,1703,1873,-125,98
4,1491,1674,-133,96
4,1275,1454,-140,107
4,1055,1233,-137,111
4,831,1013,-136,110
4,605,792,-139,109
4,376,564,-141,112
4,146,342,-148,108
4,16300,103,-149,118
4,16070,10325,11579,186
4,15841,22004,4671,-8269
4,15614,21294,-4183,-3361
4,15389,14757,-4268,2991
4,15168,12176,43,3192
4,14950,14104,2142,-7
4,14738,16116,708,-1520
4,14531,15712,-951,-498
4,14330,14288,-893,690
4,14135,13686,-15,652
4,13949,13930,317,47
4,13770,14150,30,-216
4,13600,13918,-271,-12
4,13439,13516,-239,204
4,13288,13290,-68,183
4,13148,13230,-6,61
4,13018,13167,-61,12
4,12899,13016,-111,58
4,12792,12855,-91,90
4,12696,12740,-53,79
4,12613,12662,-35,52
4,12543,12599,-40,34
4,12485,12525,-43,40
4,12440,12458,-31,43
4,12408,12416,-19,34
4,12389,12386,-5,25
4,12384,12372,4,15
4,12392,12372,4,10
4,12413,12372,10,15
4,12447,12391,28,8
4,12494,12432,41,-5
4,12554,12490,45,-18
4,12627,12551,46,-20
4,12713,12619,56,-20
4,12810,12697,73,-20
4,12920,12809,83,-40
4,13041,12926,82,-47
4,13172,13045,85,-46
4,13315,13171,94,-46
4,13468,13314,108,-53
4,13630,13468,119,-59
4,13802,13643,121,-73
4,13982,13817,118,-74
4,14170,13992,122,-71
4,14366,14175,134,-72
4,14568,14376,144,-82
4,14776,14578,149,-84
4,14989,14795,148,-93
4,15208,15010,144,-93
4,15430,15224,148,-90
4,15655,15445,156,-93
4,15882,15676,157,-99
4,16112,15897,160,-95
4,16342,16133,162,-102
4,188,16368,155,-103
4,418,6134,-11567,-162
4,646,-5544,-4653,8289
4,872,-4829,4203,3374
4,1095,1445,4458,-2802
4,1315,4298,-34,-3186
4,1530,2358,-2136,25
4,1740,334,-697,1545
4,1945,737,971,518
4,2143,2169,911,-679
4,2334,2771,68,-662
4,2517,2527,-310,-38
4,2692,2293,-24,236
4,2857,2520,284,30
4,3014,2919,253,-188
4,3160,3143,79,-168
4,3296,3196,21,-46
4,3421,3262,72,-2
4,3535,3399,118,-37
4,3636,3555,101,-70
4,3726,3664,61,-58
4,3804,3735,46,-32
4,3869,3795,53,-17
4,3921,3867,54,-25
4,3960,3926,40,-25
4,3985,3963,27,-16
4,3998,3984,16,-7
4,3998,3991,15,0
4,3984,3991,15,0
4,3957,3985,-5,2
4,3916,3949,-21,19
4,3863,3907,-28,23
4,3797,3846,-33,34
4,3719,3783,-39,34
4,3628,3706,-50,38
4,3525,3608,-59,50
4,3410,3505,-64,52
4,3284,3387,-71,59
4,3147,3261,-79,63
4,3000,3121,-86,69
4,2843,2978,-95,70
4,2676,2816,-103,79
4,2500,2642,-105,87
4,2317,2467,-107,87
4,2125,2287,-112,86
4,1927,2093,-121,93
4,1722,1900,-131,93
4,1511,1683,-135,107
4,1295,1467,-129,109
4,1075,1254,-130,106
4,852,1037,-136,106
4,625,813,-140,109
4,397,591,-147,108
4,167,353,-147,118
4,16321,120,-140,117
4,16091,10353,11581,178
4,15862,22029,4668,-8272
4,15634,21314,-4188,-3358
4,15409,15040,-4443,2816
4,15188,12183,46,3203
4,14970,14120,2151,-7
4,14757,16144,712,-1530
4,14549,15741,-958,-505
4,14348,14302,-900,697
4,14153,13696,-53,679
4,13965,13939,323,53
4,13786,14167,35,-219
4,13615,13936,-273,-13
4,13454,13530,-243,207
4,13302,13299,-69,190
4,13160,13242,-4,62
4,13029,13176,-59,14
4,12909,13027,-109,57
4,12801,12866,-91,89
4,12704,12751,-54,77
4,12620,12672,-38,51
4,12548,12603,-41,38
4,12489,12526,-41,43
4,12443,12464,-31,41
4,12410,12417,-16,34
4,12390,12396,-10,19
4,12384,12375,-6,18
4,12390,12366,6,15
4,12410,12378,16,4
4,12443,12399,22,0
4,12489,12432,31,-4
4,12548,12474,42,-6
4,12620,12536,55,-15
4,12704,12614,64,-26
4,12801,12704,67,-33
4,12909,12801,71,-35
4,13029,12904,83,-36
4,13160,13027,94,-45
4,13302,13165,98,-54
4,13454,13301,107,-52
4,13615,13461,115,-64
4,13786,13627,115,-69
4,13965,13796,119,-69
4,14153,13974,125,-71
4,14348,14163,132,-76
4,14549,14353,143,-76
4,14757,14566,146,-90
4,14970,14777,142,-91
4,15188,14989,144,-91
4,15409,15205,149,-91
4,15634,15425,155,-93
4,15862,15647,162,-94
4,16091,15885,160,-103
4,16321,16117,153,-102
4,167,16340,153,-95
4,397,6108,-11563,-159
4,625,-5565,-4650,8287
4,852,-5110,3969,3751
4,1075,1434,4458,-2811
4,1295,4283,-41,-3187
4,1511,2334,-2138,30
4,1722,313,-692,1544
4,1927,722,973,514
4,2125,2095,950,-643
4,2317,2760,67,-668
4,2500,2513,-316,-38
4,2676,2272,-24,240
4,2843,2501,288,31
4,3000,2906,257,-191
4,3147,3127,92,-173
4,3284,3191,18,-53
4,3410,3253,67,-2
4,3525,3387,116,-35
4,3628,3545,104,-72
4,3719,3658,65,-62
4,3797,3728,47,-32
4,3863,3791,52,-20
4,3916,3859,53,-22
4,3957,3919,42,-24
4,3984,3960,30,-18
4,3998,3981,19,-6
4,3998,3993,11,0
4,3985,3993,11,0
4,3960,3983,-5,5
4,3921,3950,-17,19
4,3869,3908,-22,24
4,3804,3855,-29,29
4,3726,3796,-41,29
4,3636,3714,-54,39
4,3535,3615,-59,51
4,3421,3513,-61,53
4,3296,3399,-68,56
4,3160,3276,-79,60
4,3014,3141,-92,65
4,2857,2983,-95,79
4,2692,2824,-95,81
4,2517,2662,-101,81
4,2334,2487,-108,84
4,2143,2302,-116,90
4,1945,2115,-124,90
4,1740,1909,-128,100
4,1530,1701,-128,103
4,1315,1489,-130,106
4,1095,1275,-132,106
4,872,1056,-136,107
4,646,841,-145,104
4,418,603,-149,118
4,188,368,-140,120
4,16342,147,-138,110
4,16112,10379,11578,174
4,15882,22052,4665,-8272
4,15655,21594,-3955,-3734
4,15430,15050,-4442,2826
4,15208,12201,55,3202
4,14989,14148,2152,-16
4,14776,16164,704,-1527
4,14568,15753,-959,-497
4,14366,14375,-936,661
4,14170,13708,-53,685
4,13982,13952,327,55
4,13802,14187,36,-223
4,13630,13953,-275,-13
4,13468,13544,-245,209
4,13315,13316,-78,191
4,13172,13248,-5,70
4,13041,13183,-56,17
4,12920,13041,-106,53
4,12810,12880,-94,87
4,12713,12757,-55,81
4,12627,12682,-38,50
4,12554,12607,-40,40
4,12494,12531,-39,43
4,12447,12470,-30,39
4,12413,12422,-18,34
4,12392,12392,-5,24
4,12384,12375,2,16
4,12389,12375,2,8
4,12408,12375,2,13
4,12440,12384,22,13
4,12485,12422,41,-2
4,12543,12481,46,-19
4,12613,12540,46,-20
4,12696,12603,56,-18
4,12792,12685,71,-24
4,12899,12788,81,-36
4,13018,12904,82,-46
4,13148,13022,84,-46
4,13288,13140,99,-41
4,13439,13291,110,-58
4,13600,13450,110,-66
4,13770,13609,111,-64
4,13949,13778,120,-68
4,14135,13957,127,-71
4,14330,14140,138,-74
4,14531,14344,143,-85
4,14738,14551,139,-89
4,14950,14753,141,-85
4,15168,14966,146,-89
4,15389,15184,151,-91
4,15614,15397,160,-88
4,15841,15635,164,-103
4,16070,15869,154,-105
4,16300,16090,151,-95
4,146,16316,156,-94
4,376,6088,-11562,-161
4,605,-5294,-5164,8252
4,831,-5119,3969,3740
4,1055,1418,4450,-2812
4,1275,4258,-45,-3180
4,1491,2309,-2137,35
4,1703,293,-689,1543
4,1908,644,938,590
4,2107,2090,951,-657
4,2300,2748,58,-670
4,2484,2490,-318,-31
4,2660,2250,-20,244
4,2828,2486,292,28
4,2986,2879,269,-185
4,3134,3121,89,-179
4,3272,3180,12,-52
4,3399,3236,66,3
4,3515,3371,120,-32
4,3619,3532,110,-72
4,3711,3649,70,-65
4,3791,3725,47,-37
4,3858,3788,48,-21
4,3912,3851,53,-19
4,3953,3913,46,-24
4,3982,3955,34,-19
4,3997,3983,20,-11
4,3999,3992,11,0
4,3987,3992,11,2
4,3962,3982,-3,7
4,3925,3961,-16,9
4,3874,3919,-28,20
4,3810,3861,-36,31
4,3734,3791,-39,39
4,3645,3714,-42,41
4,3544,3632,-54,40
4,3432,3529,-69,50
4,3308,3409,-74,60
4,3173,3286,-80,62
4,3027,3147,-85,69
4,2872,2999,-90,73
4,2707,2842,-97,79
4,2533,2677,-103,82
4,2351,2501,-108,86
4,2160,2327,-118,83
4,1963,2127,-127,97
4,1759,1922,-125,104
4,1550,1721,-125,101
4,1335,1513,-129,102
4,1115,1297,-135,106
4,893,1086,-144,101
4,667,850,-147,117
4,438,619,-138,117
4,209,398,-138,109
4,16363,169,-142,111
4,16133,10396,11578,178
4,15903,21779,5181,-8236
4,15675,21606,-3952,-3727
4,15450,15068,-4436,2825
4,15228,12225,57,3197
4,15009,14170,2150,-17
4,14795,16181,703,-1523
4,14586,15832,-921,-576
4,14384,14384,-938,671
4,14188,13722,-47,686
4,13999,13974,330,49
4,13818,14204,33,-221
4,13646,13966,-274,-11
4,13482,13576,-254,197
4,13329,13329,-80,193
4,13185,13261,-5,71
4,13052,13196,-56,17
4,12930,13052,-106,53
4,12820,12890,-95,88
4,12721,12770,-59,80
4,12635,12686,-39,55
4,12561,12614,-38,40
4,12499,12540,-39,41
4,12451,12477,-34,39
4,12415,12423,-19,38
4,12393,12394,-6,24
4,12384,12375,1,18
4,12388,12375,1,9
4,12406,12375,1,13
4,12436,12382,21,14
4,12480,12419,39,-2
4,12537,12473,46,-16
4,12606,12535,46,-21
4,12688,12598,54,-19
4,12782,12679,67,-24
4,12889,12779,77,-35
4,13006,12893,81,-44
4,13135,13005,87,-42
4,13275,13138,96,-51
4,13425,13279,103,-55
4,13585,13432,108,-61
4,13754,13593,114,-65
4,13932,13763,120,-69
4,14118,13934,130,-67
4,14312,14129,138,-80
4,14512,14329,138,-86
4,14719,14529,138,-86
4,14931,14733,143,-85
4,15148,14947,147,-89
4,15369,15156,157,-86
4,15593,15390,159,-100
4,15820,15617,152,-100
4,16049,15837,152,-93
4,16279,16066,157,-95
4,125,16300,159,-100
4,355,6798,-11507,-919
4,584,-5304,-5172,8245
4,811,-5143,3959,3748
4,1035,1389,4452,-2804
4,1255,4236,-38,-3182
4,1472,2295,-2135,28
4,1684,319,-789,1548
4,1890,631,938,584
4,2089,2072,946,-655
4,2282,2727,58,-667
4,2468,2470,-315,-30
4,2645,2240,-18,237
4,2813,2457,286,45
4,2972,2870,269,-191
4,3121,3111,85,-181
4,3260,3165,8,-48
4,3388,3220,67,7
4,3505,3361,123,-34
4,3610,3519,113,-70
4,3703,3644,68,-68
4,3784,3717,44,-36
4,3852,3779,49,-19
4,3908,3847,54,-22
4,3950,3909,47,-24
4,3980,3954,31,-19
4,3996,3975,22,-6
4,3999,3992,12,-2
4,3989,3992,12,1
4,3965,3983,-2,7
4,3929,3962,-14,10
4,3879,3923,-26,19
4,3816,3863,-34,33
4,3741,3800,-38,35
4,3654,3723,-44,40
4,3554,3640,-53,41
4,3442,3538,-67,50
4,3320,3423,-75,57
4,3186,3291,-78,68
4,3041,3155,-79,71
4,2887,3015,-86,69
4,2722,2861,-95,74
4,2549,2695,-105,80
4,2368,2524,-115,83
4,2178,2332,-117,95
4,1981,2139,-115,97
4,1778,1945,-119,96
4,1569,1745,-127,97
4,1354,1532,-133,104
4,1136,1323,-140,101
4,913,1092,-141,115
4,687,869,-137,113
4,459,648,-138,108
4,230,419,-142,111
4,0,188,-143,114
4,16153,-34,-149,109
4,15924,10185,11573,182
4,15696,21855,4666,-8264
4,15470,21145,-4182,-3358
4,15248,14613,-4264,2989
4,15029,12049,246,3076
4,14814,13976,2145,-19
4,14605,15986,705,-1524
4,14402,15580,-954,-498
4,14205,14155,-891,693
4,14016,13557,-7,652
4,13834,13833,326,20
4,13661,14043,32,-225
4,13497,13809,-272,-12
4,13342,13410,-236,205
4,13198,13192,-60,180
4,13064,13141,-1,58
4,12941,13078,-55,14
4,12829,12949,-105,45
4,12730,12788,-93,88
4,12642,12675,-50,80
4,12567,12606,-25,49
4,12504,12550,-29,32
4,12455,12488,-35,34
4,12418,12432,-26,36
4,12394,12393,-13,32
4,12384,12373,0,21
4,12387,12373,0,11
4,12404,12373,0,14
4,12433,12379,21,15
4,12476,12414,40,-1
4,12531,12471,45,-17
4,12599,12530,42,-20
4,12680,12591,52,-18
4,12773,12672,65,-24
4,12879,12770,74,-34
4,12995,12874,83,-36
4,13123,12996,90,-46
4,13262,13128,94,-52
4,13411,13267,99,-54
4,13570,13415,107,-57
4,13739,13576,116,-64
4,13916,13741,126,-65
4,14101,13928,130,-77
4,14294,14117,129,-80
4,14494,14308,132,-80
4,14700,14507,139,-82
4,14911,14714,144,-86
4,15128,14919,153,-84
4,15348,15147,155,-96
4,15573,15368,152,-96
4,15799,15591,154,-95
4,16028,15819,156,-98
4,16258,16050,156,-100
4,104,16271,161,-93
4,334,6051,-11561,-166
4,563,-5621,-4651,8281
4,790,-4911,4198,3375
4,1015,1626,4283,-2977
4,1236,4206,-29,-3176
4,1453,2268,-2127,32
4,1665,264,-688,1533
4,1871,671,966,511
4,2072,2094,906,-676
4,2265,2694,28,-636
4,2451,2449,-304,-32
4,2629,2221,-14,237
4,2798,2461,290,23
4,2958,2866,255,-195
4,3108,3088,78,-169
4,3248,3143,20,-45
4,3377,3206,75,5
4,3495,3351,124,-36
4,3601,3516,108,-75
4,3695,3631,68,-64
4,3777,3708,48,-37
4,3846,3771,52,-20
4,3903,3840,56,-22
4,3947,3903,48,-24
4,3978,3953,31,-21
4,3995,3974,21,-6
4,3999,3991,12,-2
4,3990,3991,12,2
4,3968,3983,-1,8
4,3933,3962,-10,11
4,3884,3923,-21,21
4,3823,3871,-29,28
4,3749,3809,-38,33
4,3662,3732,-44,39
4,3564,3653,-57,38
4,3453,3551,-68,47
4,3331,3430,-75,61
4,3198,3304,-76,65
4,3055,3170,-79,68
4,2901,3029,-87,70
4,2738,2879,-100,72
4,2565,2718,-108,74
4,2384,2533,-116,90
4,2196,2345,-113,96
4,2000,2159,-113,94
4,1797,1966,-120,94
4,1588,1773,-134,91
4,1374,1559,-139,99
4,1156,1331,-139,113
4,933,1111,-133,112
4,708,893,-134,107
4,480,672,-142,107
4,251,447,-151,109
4,20,214,-147,111
4,16174,-24,-147,118
4,15945,10200,11580,184
4,15717,21880,4672,-8271
4,15491,21171,-4182,-3363
4,15268,14903,-4443,2810
4,15049,12055,43,3192
4,14834,13985,2144,-8
4,14624,16000,711,-1521
4,14420,15601,-952,-501
4,14223,14176,-893,691
4,14033,13577,-52,672
4,13850,13826,323,46
4,13676,14052,32,-218
4,13511,13823,-268,-13
4,13356,13428,-237,202
4,13210,13205,-64,183
4,13075,13152,-6,61
4,12951,13091,-55,12
4,12839,12955,-104,48
4,12738,12797,-89,87
4,12649,12687,-48,75
4,12573,12617,-29,47
4,12509,12558,-35,33
4,12459,12495,-38,33
4,12421,12434,-29,40
4,12396,12395,-12,32
4,12385,12375,0,21
4,12386,12375,0,10
4,12402,12375,0,11
4,12430,12380,18,13
4,12471,12414,36,-2
4,12526,12462,41,-11
4,12593,12521,46,-18
4,12672,12584,55,-18
4,12764,12662,66,-23
4,12868,12758,75,-31
4,12984,12869,81,-41
4,13111,12987,86,-46
4,13249,13113,94,-49
4,13397,13253,101,-54
4,13555,13398,112,-57
4,13723,13556,116,-59
4,13899,13731,123,-69
4,14084,13911,126,-75
4,14276,14096,130,-77
4,14475,14290,134,-81
4,14681,14480,143,-76
4,14892,14686,149,-79
4,15108,14907,157,-93
4,15328,15131,152,-99
4,15552,15350,148,-96
4,15779,15569,151,-92
4,16007,15786,162,-88
4,16237,16017,164,-92
4,83,16257,167,-103
4,313,6037,-11565,-171
4,542,-5645,-4657,8287
4,770,-4934,4199,3377
4,994,1339,4459,-2798
4,1216,4186,-30,-3177
4,1433,2257,-2127,23
4,1646,245,-693,1535
4,1853,649,967,514
4,2054,2074,908,-675
4,2248,2675,71,-656
4,2435,2432,-303,-32
4,2613,2211,-14,231
4,2783,2445,285,26
4,2944,2846,253,-189
4,3095,3071,83,-168
4,3236,3130,24,-47
4,3366,3194,76,4
4,3484,3345,127,-42
4,3592,3509,105,-77
4,3687,3622,65,-62
4,3770,3698,48,-35
4,3841,3758,57,-16
4,3899,3837,60,-26
4,3943,3907,46,-31
4,3975,3947,29,-18
4,3994,3968,23,-4
4,3999,3989,18,-4
4,3992,3993,13,0
4,3971,3986,-1,7
4,3936,3965,-11,12
4,3889,3925,-21,22
4,3829,3876,-27,27
4,3756,3815,-37,33
4,3671,3741,-45,38
4,3573,3659,-54,39
4,3464,3556,-66,50
4,3343,3438,-70,61
4,3211,3317,-73,63
4,3068,3186,-80,65
4,2915,3050,-94,65
4,2753,2892,-102,74
4,2581,2719,-104,86
4,2401,2545,-105,89
4,2213,2367,-109,89
4,2018,2180,-116,91
4,1815,1992,-128,90
4,1607,1788,-133,94
4,1394,1569,-138,107
4,1176,1350,-132,110
4,954,1135,-131,107
4,728,916,-137,107
4,501,697,-147,105
4,272,466,-147,109
4,41,228,-147,118
4,16195,-7,-140,118
4,15966,10227,11582,177
4,15737,21905,4669,-8273
4,15511,21453,-3953,-3739
4,15288,14918,-4444,2815
4,15068,12062,47,3203
4,14853,14002,2152,-10
4,14643,16027,712,-1530
4,14438,15624,-956,-503
4,14240,14248,-937,659
4,14050,13590,-53,677
4,13866,13834,326,53
4,13692,14069,39,-222
4,13526,13842,-269,-15
4,13369,13442,-238,203
4,13223,13222,-75,185
4,13087,13165,-6,61
4,12962,13099,-57,17
4,12849,12962,-103,52
4,12747,12806,-86,86
4,12657,12697,-46,73
4,12580,12628,-33,46
4,12515,12566,-37,33
4,12463,12496,-39,39
4,12424,12437,-26,39
4,12398,12399,-13,32
4,12385,12378,-2,21
4,12386,12369,2,15
4,12400,12369,4,15
4,12427,12379,21,11
4,12467,12415,34,-5
4,12520,12457,39,-9
4,12586,12514,46,-17
4,12665,12574,56,-16
4,12756,12656,68,-25
4,12859,12755,73,-35
4,12973,12858,78,-38
4,13099,12974,85,-43
4,13236,13097,95,-45
4,13383,13232,108,-50
4,13541,13391,112,-64
4,13707,13551,112,-66
4,13883,13714,118,-66
4,14067,13891,126,-71
4,14258,14079,131,-77
4,14457,14265,137,-75
4,14662,14468,145,-83
4,14872,14682,144,-92
4,15088,14891,141,-89
4,15308,15104,146,-89
4,15532,15323,153,-91
4,15758,15542,161,-90
4,15986,15780,162,-103
4,16216,16013,153,-103
4,62,16234,153,-94
4,292,6002,-11562,-159
4,522,-5668,-4648,8284
4,749,-5211,3968,3749
4,974,1332,4456,-2811
4,1196,4181,-40,-3187
4,1413,2234,-2137,31
4,1626,217,-692,1542
4,1834,626,973,514
4,2036,2004,950,-645
4,2230,2669,68,-667
4,2418,2425,-312,-39
4,2597,2190,-21,239
4,2768,2424,290,28
4,2930,2831,259,-192
4,3082,3058,95,-175
4,3223,3127,22,-56
4,3354,3193,69,-4
4,3474,3328,118,-33
4,3582,3488,110,-69
4,3679,3612,71,-65
4,3763,3688,54,-36
4,3835,3763,54,-27
4,3894,3835,53,-26
4,3940,3896,45,-24
4,3973,3944,32,-20
4,3993,3972,18,-8
4,4000,3987,13,0
4,3993,3987,13,7
4,3973,3987,13,0
4,3940,3975,-9,3
4,3894,3936,-26,17
4,3835,3877,-31,33
4,3763,3817,-33,35
4,3679,3747,-41,37
4,3582,3665,-53,41
4,3474,3564,-64,50
4,3354,3448,-68,60
4,3223,3328,-72,62
4,3082,3204,-83,61
4,2930,3058,-92,70
4,2768,2900,-95,78
4,2597,2738,-101,81
4,2418,2566,-106,84
4,2230,2388,-112,86
4,2036,2203,-124,89
4,1834,2001,-127,99
4,1626,1793,-126,104
4,1413,1588,-126,101
4,1196,1375,-131,104
4,974,1157,-135,107
4,749,945,-146,102
4,522,706,-149,118
4,292,472,-139,120
4,62,251,-138,110
4,16216,22,-142,111
4,15986,10249,11578,178
4,15758,21632,5181,-8236
4,15532,21459,-3951,-3725
4,15308,14925,-4432,2823
4,15088,12087,59,3192
4,14872,14032,2149,-18
4,14662,16047,705,-1527
4,14457,15699,-919,-577
4,14258,14256,-934,668
4,14067,13599,-46,682
4,13883,13852,331,50
4,13707,14092,36,-227
4,13541,13858,-275,-13
4,13383,13468,-252,199
4,13236,13226,-73,194
4,13099,13171,4,63
4,12973,13115,-51,10
4,12859,12980,-105,46
4,12756,12819,-94,87
4,12665,12706,-56,78
4,12586,12629,-33,53
4,12520,12566,-33,37
4,12467,12503,-36,35
4,12427,12443,-28,38
4,12400,12402,-15,33
4,12386,12382,-5,21
4,12385,12369,4,15
4,12398,12369,4,14
4,12424,12379,20,9
4,12463,12412,32,-4
4,12515,12454,37,-9
4,12580,12505,45,-12
4,12657,12568,57,-16
4,12747,12650,66,-26
4,12849,12746,71,-34
4,12962,12848,77,-37
4,13087,12963,83,-42
4,13223,13081,96,-42
4,13369,13223,106,-53
4,13526,13378,108,-63
4,13692,13535,109,-63
4,13866,13697,118,-64
4,14050,13874,126,-71
4,14240,14054,136,-72
4,14438,14253,140,-83
4,14643,14454,140,-86
4,14853,14656,142,-84
4,15068,14869,147,-89
4,15288,15086,148,-92
4,15511,15296,157,-86
4,15737,15531,160,-100
4,15966,15763,153,-102
4,16195,15984,153,-94
4,41,16213,157,-96
4,272,5986,-11563,-163
4,501,-5396,-5165,8251
4,728,-5222,3968,3739
4,954,1315,4449,-2811
4,1176,4156,-43,-3180
4,1394,2211,-2134,32
4,1607,197,-689,1542
4,1815,548,938,590
4,2018,1995,952,-656
4,2213,2657,62,-670
4,2401,2405,-315,-34
4,2581,2175,-18,235
4,2753,2411,289,26
4,2915,2801,269,-182
4,3068,3047,93,-178
4,3211,3112,18,-53
4,3343,3176,71,0
4,3464,3320,123,-38
4,3573,3484,108,-74
4,3671,3599,72,-62
4,3756,3680,56,-37
4,3829,3756,55,-27
4,3889,3830,53,-27
4,3936,3891,45,-24
4,3971,3939,33,-19
4,3992,3969,22,-9
4,3999,3988,14,-3
4,3994,3988,14,4
4,3975,3988,13,0
4,3943,3977,-9,3
4,3899,3938,-26,18
4,3841,3883,-31,32
4,3770,3821,-31,36
4,3687,3758,-41,33
4,3592,3676,-56,39
4,3484,3573,-65,52
4,3366,3457,-66,60
4,3236,3345,-72,57
4,3095,3211,-82,66
4,2944,3070,-89,70
4,2783,2915,-95,77
4,2613,2753,-101,81
4,2435,2581,-105,85
4,2248,2410,-115,83
4,2054,2215,-123,95
4,1853,2015,-123,101
4,1646,1815,-123,100
4,1433,1611,-128,99
4,1216,1395,-135,106
4,994,1185,-141,102
4,770,952,-144,114
4,542,724,-137,115
4,313,503,-138,108
4,83,274,-142,110
4,16237,40,-144,115
4,16007,9542,11522,934
4,15779,21644,5187,-8230
4,15552,21483,-3942,-3733
4,15328,14953,-4435,2817
4,15108,12106,53,3196
4,14892,14047,2150,-14
4,14681,16023,804,-1533
4,14475,15713,-921,-571
4,14276,14274,-932,667
4,14084,13617,-45,682
4,13899,13872,331,47
4,13723,14104,35,-222
4,13555,13891,-270,-33
4,13397,13478,-256,205
4,13249,13236,-71,197
4,13111,13182,7,64
4,12984,13128,-51,9
4,12868,12990,-106,47
4,12764,12834,-100,84
4,12672,12707,-54,84
4,12593,12634,-27,52
4,12526,12575,-30,33
4,12471,12512,-38,33
4,12430,12449,-34,39
4,12402,12402,-16,36
4,12386,12381,-3,23
4,12385,12370,2,15
4,12396,12370,2,14
4,12421,12378,18,9
4,12459,12408,31,-2
4,12509,12448,37,-7
4,12573,12501,44,-14
4,12649,12563,54,-17
4,12738,12643,63,-25
4,12839,12737,70,-34
4,12951,12838,75,-36
4,13075,12946,85,-37
4,13210,13077,96,-50
4,13356,13216,98,-55
4,13511,13359,106,-56
4,13676,13519,113,-64
4,13850,13685,117,-67
4,14033,13853,126,-66
4,14223,14043,133,-76
4,14420,14238,134,-82
4,14624,14435,135,-82
4,14834,14635,143,-82
4,15049,14851,149,-91
4,15268,15059,154,-87
4,15491,15287,156,-97
4,15717,15513,153,-98
4,15945,15736,153,-95
4,16174,15964,155,-96
4,20,16195,156,-99
4,251,6687,-11507,-913
4,480,-5408,-5168,8243
4,708,-5244,3959,3745
4,933,1288,4450,-2805
4,1156,4133,-40,-3180
4,1374,2191,-2133,32
4,1588,222,-785,1545
4,1797,536,940,582
4,1999,1980,948,-657
4,2196,2637,60,-668
4,2384,2384,-314,-31
4,2565,2157,-16,235
4,2738,2379,288,42
4,2901,2795,272,-193
4,3055,3039,88,-182
4,3198,3098,13,-49
4,3331,3159,71,4
4,3453,3306,126,-38
4,3564,3470,114,-74
4,3662,3598,71,-69
4,3749,3675,49,-37
4,3823,3743,54,-21
4,3884,3821,58,-27
4,3933,3888,47,-27
4,3968,3937,34,-21
4,3990,3968,21,-10
4,3999,3986,13,-2
4,3995,3986,13,7
4,3978,3986,13,3
4,3947,3978,-5,3
4,3903,3943,-23,16
4,3846,3888,-30,30
4,3777,3827,-31,35
4,3695,3764,-40,33
4,3601,3682,-53,40
4,3495,3582,-62,50
4,3377,3474,-68,55
4,3248,3354,-74,60
4,3108,3222,-79,66
4,2958,3082,-86,69
4,2798,2929,-93,76
4,2629,2768,-99,80
4,2451,2605,-109,79
4,2265,2418,-116,91
4,2072,2227,-116,96
4,1871,2033,-116,97
4,1665,1837,-123,96
4,1453,1627,-129,103
4,1236,1422,-138,100
4,1015,1194,-140,112
4,790,973,-137,111
4,563,750,-139,110
4,334,522,-141,112
4,104,291,-142,114
4,16258,69,-147,109
4,16028,10289,11575,182
4,15799,21961,4666,-8266
4,15573,21251,-4183,-3360
4,15348,14715,-4267,2992
4,15128,12150,243,3077
4,14911,14073,2143,-16
4,14700,16082,704,-1523
4,14494,15674,-955,-496
4,14294,14249,-894,692
4,14101,13646,-12,654
4,13916,13914,325,25
4,13739,14125,33,-225
4,13570,13887,-274,-11
4,13411,13482,-239,208
4,13262,13258,-64,185
4,13123,13203,-4,61
4,12995,13137,-59,16
4,12879,13000,-108,49
4,12773,12836,-93,90
4,12680,12721,-53,79
4,12599,12646,-32,50
4,12531,12583,-37,35
4,12476,12511,-39,40
4,12433,12453,-30,38
4,12404,12411,-21,33
4,12387,12380,-6,27
4,12384,12369,6,15
4,12394,12369,6,12
4,12418,12381,17,5
4,12455,12401,26,4
4,12504,12441,39,-5
4,12567,12498,46,-17
4,12642,12561,51,-19
4,12730,12637,59,-24
4,12829,12726,69,-30
4,12941,12823,80,-34
4,13064,12942,87,-44
4,13198,13065,93,-47
4,13342,13203,97,-53
4,13497,13345,106,-56
4,13661,13505,113,-64
4,13834,13664,121,-63
4,14016,13842,127,-71
4,14205,14029,130,-78
4,14402,14220,130,-80
4,14605,14415,136,-81
4,14814,14617,144,-84
4,15029,14822,153,-84
4,15248,15050,154,-98
4,15470,15270,148,-96
4,15696,15488,149,-92
4,15924,15709,157,-91
4,16153,15944,160,-100
4,0,16168,163,-96
4,230,5949,-11560,-169
4,459,-5724,-4652,8280
4,687,-5014,4197,3375
4,913,1521,4283,-2975
4,1136,4087,-225,-3061
4,1354,2167,-2123,31
4,1569,163,-684,1533
4,1778,574,972,509
4,1981,2002,909,-678
4,2178,2605,28,-638
4,2368,2341,-305,-10
4,2549,2134,-9,239
4,2722,2381,296,20
4,2887,2793,260,-201
4,3041,3021,80,-174
4,3186,3078,19,-46
4,3320,3145,78,2
4,3442,3291,132,-37
4,3554,3468,114,-83
4,3654,3590,65,-68
4,3741,3665,47,-34
4,3816,3735,56,-22
4,3879,3814,59,-27
4,3929,3883,50,-29
4,3965,3936,32,-23
4,3989,3964,18,-8
4,3999,3984,15,-2
4,3996,3984,15,8
4,3980,3984,15,5
4,3950,3979,-3,3
4,3908,3944,-22,17
4,3852,3894,-27,28
4,3784,3834,-31,34
4,3703,3771,-40,33
4,3610,3689,-52,40
4,3505,3594,-62,47
4,3388,3480,-66,58
4,3260,3362,-70,61
4,3121,3239,-78,60
4,2972,3099,-89,67
4,2813,2942,-97,79
4,2645,2788,-102,76
4,2468,2613,-106,85
4,2282,2435,-110,88
4,2089,2248,-116,92
4,1890,2053,-119,96
4,1684,1855,-123,97
4,1472,1657,-134,94
4,1255,1436,-142,107
4,1035,1210,-138,114
4,811,991,-132,110
4,584,772,-136,107
4,355,546,-141,109
4,125,322,-150,108
4,16279,82,-150,118
4,16049,10303,11580,186
4,15820,21985,4672,-8272
4,15593,21274,-4184,-3362
4,15369,14734,-4268,2993
4,15148,12155,47,3191
4,14931,14086,2144,-10